

-- Inserting administrator user (username: administrator , password: administrator)
INSERT INTO biotrio.user (id, dob, email, name, password, payment_details, phone_number, username) VALUES (1, '2021-05-21', 'admin@biotrio.com', 'Admin Name', '$2a$10$Gf8G3yhJDh1gThwtwwfblehB0XTkEPWO5l91rS4nyOED/gcam68du', 'payement_details', '+4099999999', 'administrator') ON DUPLICATE KEY UPDATE id = 1;

-- Inserting roles
INSERT INTO biotrio.role (id, name) VALUES (1, 'ROLE_USER') ON DUPLICATE KEY UPDATE id = 1;
INSERT INTO biotrio.role (id, name) VALUES (2, 'ROLE_ADMIN') ON DUPLICATE KEY UPDATE id = 2;

-- Assigning admin role to administrator
INSERT INTO biotrio.user_roles (users_id, roles_id) VALUES (1, 2) ON DUPLICATE KEY UPDATE users_id = 1;

-- Inserting theatres
INSERT INTO biotrio.theater (id, seat_count, theater_name, theater_rows) VALUES (1, 20, 'The Blue Theater', 14) ON DUPLICATE KEY UPDATE id = 1;
INSERT INTO biotrio.theater (id, seat_count, theater_name, theater_rows) VALUES (2, 12, 'The Red Theater', 8) ON DUPLICATE KEY UPDATE id = 2;
INSERT INTO biotrio.theater (id, seat_count, theater_name, theater_rows) VALUES (3, 6, 'The Orange Theater', 8) ON DUPLICATE KEY UPDATE id = 3;

-- Inserting movies
INSERT INTO biotrio.movie (movie_id, image_path_name, imdb_code, movie_actor, movie_director, movie_duration, movie_genre, movie_origin, movie_title, movie_year, spotlight, upcoming) VALUES (1, 'https://m.media-amazon.com/images/M/MV5BYzIzYmJlYTYtNGNiYy00N2EwLTk4ZjItMGYyZTJiOTVkM2RlXkEyXkFqcGdeQXVyODY1NDk1NjE@._V1_SY1000_CR0,0,666,1000_AL_.jpg', 'tt6966692', 'Viggo Mortensen, Mahershala Ali, Linda Cardellini', 'Peter Farrelly', 130, 'Biography, Comedy, Drama', 'USA', 'Green Book', '2018)', true, false) ON DUPLICATE KEY UPDATE movie_id = 1;
INSERT INTO biotrio.movie (movie_id, image_path_name, imdb_code, movie_actor, movie_director, movie_duration, movie_genre, movie_origin, movie_title, movie_year, spotlight, upcoming) VALUES (2, 'https://m.media-amazon.com/images/M/MV5BMjMwNDkxMTgzOF5BMl5BanBnXkFtZTgwNTkwNTQ3NjM@._V1_SY1000_CR0,0,674,1000_AL_.jpg', 'tt4633694', 'Shameik Moore, Jake Johnson, Hailee Steinfeld', 'Bob Persichetti, Peter Ramsey', 117, 'Animation, Action, Adventure', 'USA', 'Spider-Man: Into the Spider-Verse', '2018', true, false) ON DUPLICATE KEY UPDATE movie_id = 2;
INSERT INTO biotrio.movie (movie_id, image_path_name, imdb_code, movie_actor, movie_director, movie_duration, movie_genre, movie_origin, movie_title, movie_year, spotlight, upcoming) VALUES (3, 'https://m.media-amazon.com/images/M/MV5BOGFjYWNkMTMtMTg1ZC00Y2I4LTg0ZTYtN2ZlMzI4MGQwNzg4XkEyXkFqcGdeQXVyMTkxNjUyNQ@@._V1_SY1000_CR0,0,674,1000_AL_.jpg', 'tt3741700', 'Kyle Chandler, Vera Farmiga, Millie Bobby Brown', 'Michael Dougherty', 131, 'Action, Adventure, Fantasy', 'USA', 'Godzilla: King of the Monsters', '2019', false, true) ON DUPLICATE KEY UPDATE movie_id = 3;
INSERT INTO biotrio.movie (movie_id, image_path_name, imdb_code, movie_actor, movie_director, movie_duration, movie_genre, movie_origin, movie_title, movie_year, spotlight, upcoming) VALUES (4, 'https://m.media-amazon.com/images/M/MV5BMTY0MzUwODc4N15BMl5BanBnXkFtZTgwMjMyMjY0NzM@._V1_SY1000_CR0,0,675,1000_AL_.jpg', 'tt2066051', 'Taron Egerton, Jamie Bell, Richard Madden', 'Dexter Fletcher', 121, 'Biography, Drama, Music', 'USA', 'Rocketman', '2019', false, true)ON DUPLICATE KEY UPDATE movie_id = 4;
INSERT INTO biotrio.movie (movie_id, image_path_name, imdb_code, movie_actor, movie_director, movie_duration, movie_genre, movie_origin, movie_title, movie_year, spotlight, upcoming) VALUES (5, 'https://m.media-amazon.com/images/M/MV5BMTUxMzQyNjA5MF5BMl5BanBnXkFtZTYwOTU2NTY3._V1_.jpg', 'tt0120689', 'Tom Hanks, Michael Clarke Duncan, David Morse', 'Frank Darabont', 189, 'Crime, Drama, Fantasy', 'USA', 'The Green Mile', '1999', false, false) ON DUPLICATE KEY UPDATE movie_id = 5;
INSERT INTO biotrio.movie (movie_id, image_path_name, imdb_code, movie_actor, movie_director, movie_duration, movie_genre, movie_origin, movie_title, movie_year, spotlight, upcoming) VALUES (6, 'https://m.media-amazon.com/images/M/MV5BZjhkMDM4MWItZTVjOC00ZDRhLThmYTAtM2I5NzBmNmNlMzI1XkEyXkFqcGdeQXVyNDYyMDk5MTU@._V1_SY1000_CR0,0,679,1000_AL_.jpg', 'tt0120815', 'Tom Hanks, Matt Damon, Tom Sizemore ', 'Steven Spielberg', 169, 'Drama, War ', 'USA', 'Saving Private Ryan', '1998', false, false) ON DUPLICATE KEY UPDATE movie_id = 6;
INSERT INTO biotrio.movie (movie_id, image_path_name, imdb_code, movie_actor, movie_director, movie_duration, movie_genre, movie_origin, movie_title, movie_year, spotlight, upcoming) VALUES (7, 'https://m.media-amazon.com/images/M/MV5BMTc5MDE2ODcwNV5BMl5BanBnXkFtZTgwMzI2NzQ2NzM@._V1_SY1000_CR0,0,674,1000_AL_.jpg', 'tt4154796', 'Robert Downey Jr., Chris Evans, Mark Ruffalo', 'Anthony Russo, Joe Russo', 182, 'Action, Adventure, Sci-Fi', 'USA', 'Avengers: Endgame', '2019', true, false) ON DUPLICATE KEY UPDATE movie_id = 7;

-- Inserting screenings
INSERT INTO biotrio.screening (id, price, screening_date_time, movie_id, theater_id) VALUES (1, 70, '2019-07-01 18:45:00', 1, 3) ON DUPLICATE KEY UPDATE id = 1;
INSERT INTO biotrio.screening (id, price, screening_date_time, movie_id, theater_id) VALUES (2, 70, '2019-07-02 18:45:00', 1, 3) ON DUPLICATE KEY UPDATE id = 2;
INSERT INTO biotrio.screening (id, price, screening_date_time, movie_id, theater_id) VALUES (8, 80, '2019-07-01 16:00:00', 2, 2) ON DUPLICATE KEY UPDATE id = 8;
INSERT INTO biotrio.screening (id, price, screening_date_time, movie_id, theater_id) VALUES (9, 80, '2019-07-02 16:00:00', 2, 2) ON DUPLICATE KEY UPDATE id = 9;
INSERT INTO biotrio.screening (id, price, screening_date_time, movie_id, theater_id) VALUES (10, 100, '2019-07-06 19:30:00', 7, 1) ON DUPLICATE KEY UPDATE id = 10;

-- Inserting tickets
INSERT INTO biotrio.ticket (id, ticket_row, ticket_status, ticketseat) VALUES (1, 2, false, 3)        ON DUPLICATE KEY UPDATE id = 1;
INSERT INTO biotrio.ticket (id, ticket_row, ticket_status, ticketseat) VALUES (2, 3, false, 3)       ON DUPLICATE KEY UPDATE id = 2;
INSERT INTO biotrio.ticket (id, ticket_row, ticket_status, ticketseat) VALUES (3, 6, false, 1)       ON DUPLICATE KEY UPDATE id = 3;
INSERT INTO biotrio.ticket (id, ticket_row, ticket_status, ticketseat) VALUES (4, 2, false, 2)       ON DUPLICATE KEY UPDATE id = 4;
INSERT INTO biotrio.ticket (id, ticket_row, ticket_status, ticketseat) VALUES (5, 1, true, 4)       ON DUPLICATE KEY UPDATE id = 5;
INSERT INTO biotrio.ticket (id, ticket_row, ticket_status, ticketseat) VALUES (6, 6, false, 3)       ON DUPLICATE KEY UPDATE id = 6;
INSERT INTO biotrio.ticket (id, ticket_row, ticket_status, ticketseat) VALUES (7, 2, false, 4)       ON DUPLICATE KEY UPDATE id = 7;
INSERT INTO biotrio.ticket (id, ticket_row, ticket_status, ticketseat) VALUES (8, 1, true, 3)       ON DUPLICATE KEY UPDATE id = 8;
INSERT INTO biotrio.ticket (id, ticket_row, ticket_status, ticketseat) VALUES (9, 7, false, 4)       ON DUPLICATE KEY UPDATE id = 9;
INSERT INTO biotrio.ticket (id, ticket_row, ticket_status, ticketseat) VALUES (10, 8, false, 3)       ON DUPLICATE KEY UPDATE id = 10;
INSERT INTO biotrio.ticket (id, ticket_row, ticket_status, ticketseat) VALUES (11, 7, false, 5)       ON DUPLICATE KEY UPDATE id = 11;
INSERT INTO biotrio.ticket (id, ticket_row, ticket_status, ticketseat) VALUES (12, 4, false, 2)       ON DUPLICATE KEY UPDATE id = 12;
INSERT INTO biotrio.ticket (id, ticket_row, ticket_status, ticketseat) VALUES (13, 2, false, 6)       ON DUPLICATE KEY UPDATE id = 13;
INSERT INTO biotrio.ticket (id, ticket_row, ticket_status, ticketseat) VALUES (14, 4, false, 5)       ON DUPLICATE KEY UPDATE id = 14;
INSERT INTO biotrio.ticket (id, ticket_row, ticket_status, ticketseat) VALUES (15, 4, false, 4)       ON DUPLICATE KEY UPDATE id = 15;
INSERT INTO biotrio.ticket (id, ticket_row, ticket_status, ticketseat) VALUES (16, 5, false, 4)       ON DUPLICATE KEY UPDATE id = 16;
INSERT INTO biotrio.ticket (id, ticket_row, ticket_status, ticketseat) VALUES (17, 3, false, 5)       ON DUPLICATE KEY UPDATE id = 17;
INSERT INTO biotrio.ticket (id, ticket_row, ticket_status, ticketseat) VALUES (18, 7, false, 6)       ON DUPLICATE KEY UPDATE id = 18;
INSERT INTO biotrio.ticket (id, ticket_row, ticket_status, ticketseat) VALUES (19, 8, false, 1)       ON DUPLICATE KEY UPDATE id = 19;
INSERT INTO biotrio.ticket (id, ticket_row, ticket_status, ticketseat) VALUES (20, 1, true, 2)       ON DUPLICATE KEY UPDATE id = 20;
INSERT INTO biotrio.ticket (id, ticket_row, ticket_status, ticketseat) VALUES (21, 7, false, 1)       ON DUPLICATE KEY UPDATE id = 21;
INSERT INTO biotrio.ticket (id, ticket_row, ticket_status, ticketseat) VALUES (22, 8, false, 4)       ON DUPLICATE KEY UPDATE id = 22;
INSERT INTO biotrio.ticket (id, ticket_row, ticket_status, ticketseat) VALUES (23, 1, false, 6)       ON DUPLICATE KEY UPDATE id = 23;
INSERT INTO biotrio.ticket (id, ticket_row, ticket_status, ticketseat) VALUES (24, 2, false, 5)       ON DUPLICATE KEY UPDATE id = 24;
INSERT INTO biotrio.ticket (id, ticket_row, ticket_status, ticketseat) VALUES (25, 6, false, 4)       ON DUPLICATE KEY UPDATE id = 25;
INSERT INTO biotrio.ticket (id, ticket_row, ticket_status, ticketseat) VALUES (26, 8, false, 6)       ON DUPLICATE KEY UPDATE id = 26;
INSERT INTO biotrio.ticket (id, ticket_row, ticket_status, ticketseat) VALUES (27, 1, true, 5)       ON DUPLICATE KEY UPDATE id = 27;
INSERT INTO biotrio.ticket (id, ticket_row, ticket_status, ticketseat) VALUES (28, 5, false, 2)       ON DUPLICATE KEY UPDATE id = 28;
INSERT INTO biotrio.ticket (id, ticket_row, ticket_status, ticketseat) VALUES (29, 1, false, 1)       ON DUPLICATE KEY UPDATE id = 29;
INSERT INTO biotrio.ticket (id, ticket_row, ticket_status, ticketseat) VALUES (30, 4, false, 1)       ON DUPLICATE KEY UPDATE id = 30;
INSERT INTO biotrio.ticket (id, ticket_row, ticket_status, ticketseat) VALUES (31, 2, false, 1)       ON DUPLICATE KEY UPDATE id = 31;
INSERT INTO biotrio.ticket (id, ticket_row, ticket_status, ticketseat) VALUES (32, 6, false, 2)       ON DUPLICATE KEY UPDATE id = 32;
INSERT INTO biotrio.ticket (id, ticket_row, ticket_status, ticketseat) VALUES (33, 5, false, 1)       ON DUPLICATE KEY UPDATE id = 33;
INSERT INTO biotrio.ticket (id, ticket_row, ticket_status, ticketseat) VALUES (34, 8, false, 2)       ON DUPLICATE KEY UPDATE id = 34;
INSERT INTO biotrio.ticket (id, ticket_row, ticket_status, ticketseat) VALUES (35, 3, false, 6)       ON DUPLICATE KEY UPDATE id = 35;
INSERT INTO biotrio.ticket (id, ticket_row, ticket_status, ticketseat) VALUES (36, 8, false, 5)       ON DUPLICATE KEY UPDATE id = 36;
INSERT INTO biotrio.ticket (id, ticket_row, ticket_status, ticketseat) VALUES (37, 4, false, 6)       ON DUPLICATE KEY UPDATE id = 37;
INSERT INTO biotrio.ticket (id, ticket_row, ticket_status, ticketseat) VALUES (38, 5, false, 6)       ON DUPLICATE KEY UPDATE id = 38;
INSERT INTO biotrio.ticket (id, ticket_row, ticket_status, ticketseat) VALUES (39, 3, false, 2)       ON DUPLICATE KEY UPDATE id = 39;
INSERT INTO biotrio.ticket (id, ticket_row, ticket_status, ticketseat) VALUES (40, 5, false, 5)       ON DUPLICATE KEY UPDATE id = 40;
INSERT INTO biotrio.ticket (id, ticket_row, ticket_status, ticketseat) VALUES (41, 6, false, 6)       ON DUPLICATE KEY UPDATE id = 41;
INSERT INTO biotrio.ticket (id, ticket_row, ticket_status, ticketseat) VALUES (42, 3, false, 1)       ON DUPLICATE KEY UPDATE id = 42;
INSERT INTO biotrio.ticket (id, ticket_row, ticket_status, ticketseat) VALUES (43, 7, false, 2)       ON DUPLICATE KEY UPDATE id = 43;
INSERT INTO biotrio.ticket (id, ticket_row, ticket_status, ticketseat) VALUES (44, 5, false, 3)       ON DUPLICATE KEY UPDATE id = 44;
INSERT INTO biotrio.ticket (id, ticket_row, ticket_status, ticketseat) VALUES (45, 6, false, 5)       ON DUPLICATE KEY UPDATE id = 45;
INSERT INTO biotrio.ticket (id, ticket_row, ticket_status, ticketseat) VALUES (46, 4, false, 3)       ON DUPLICATE KEY UPDATE id = 46;
INSERT INTO biotrio.ticket (id, ticket_row, ticket_status, ticketseat) VALUES (47, 3, false, 4)       ON DUPLICATE KEY UPDATE id = 47;
INSERT INTO biotrio.ticket (id, ticket_row, ticket_status, ticketseat) VALUES (48, 7, false, 3)       ON DUPLICATE KEY UPDATE id = 48;
INSERT INTO biotrio.ticket (id, ticket_row, ticket_status, ticketseat) VALUES (49, 2, false, 1)       ON DUPLICATE KEY UPDATE id = 49;
INSERT INTO biotrio.ticket (id, ticket_row, ticket_status, ticketseat) VALUES (50, 7, false, 5)       ON DUPLICATE KEY UPDATE id = 50;
INSERT INTO biotrio.ticket (id, ticket_row, ticket_status, ticketseat) VALUES (51, 4, false, 4)       ON DUPLICATE KEY UPDATE id = 51;
INSERT INTO biotrio.ticket (id, ticket_row, ticket_status, ticketseat) VALUES (52, 7, false, 1)       ON DUPLICATE KEY UPDATE id = 52;
INSERT INTO biotrio.ticket (id, ticket_row, ticket_status, ticketseat) VALUES (53, 1, false, 2)       ON DUPLICATE KEY UPDATE id = 53;
INSERT INTO biotrio.ticket (id, ticket_row, ticket_status, ticketseat) VALUES (54, 6, false, 3)       ON DUPLICATE KEY UPDATE id = 54;
INSERT INTO biotrio.ticket (id, ticket_row, ticket_status, ticketseat) VALUES (55, 4, false, 3)       ON DUPLICATE KEY UPDATE id = 55;
INSERT INTO biotrio.ticket (id, ticket_row, ticket_status, ticketseat) VALUES (56, 5, false, 6)       ON DUPLICATE KEY UPDATE id = 56;
INSERT INTO biotrio.ticket (id, ticket_row, ticket_status, ticketseat) VALUES (57, 1, false, 6)       ON DUPLICATE KEY UPDATE id = 57;
INSERT INTO biotrio.ticket (id, ticket_row, ticket_status, ticketseat) VALUES (58, 4, false, 6)       ON DUPLICATE KEY UPDATE id = 58;
INSERT INTO biotrio.ticket (id, ticket_row, ticket_status, ticketseat) VALUES (59, 2, false, 2)       ON DUPLICATE KEY UPDATE id = 59;
INSERT INTO biotrio.ticket (id, ticket_row, ticket_status, ticketseat) VALUES (60, 5, false, 3)       ON DUPLICATE KEY UPDATE id = 60;
INSERT INTO biotrio.ticket (id, ticket_row, ticket_status, ticketseat) VALUES (61, 3, false, 3)       ON DUPLICATE KEY UPDATE id = 61;
INSERT INTO biotrio.ticket (id, ticket_row, ticket_status, ticketseat) VALUES (62, 2, false, 4)       ON DUPLICATE KEY UPDATE id = 62;
INSERT INTO biotrio.ticket (id, ticket_row, ticket_status, ticketseat) VALUES (63, 8, false, 6)       ON DUPLICATE KEY UPDATE id = 63;
INSERT INTO biotrio.ticket (id, ticket_row, ticket_status, ticketseat) VALUES (64, 5, false, 4)       ON DUPLICATE KEY UPDATE id = 64;
INSERT INTO biotrio.ticket (id, ticket_row, ticket_status, ticketseat) VALUES (65, 6, false, 1)       ON DUPLICATE KEY UPDATE id = 65;
INSERT INTO biotrio.ticket (id, ticket_row, ticket_status, ticketseat) VALUES (66, 2, false, 3)       ON DUPLICATE KEY UPDATE id = 66;
INSERT INTO biotrio.ticket (id, ticket_row, ticket_status, ticketseat) VALUES (67, 8, false, 2)       ON DUPLICATE KEY UPDATE id = 67;
INSERT INTO biotrio.ticket (id, ticket_row, ticket_status, ticketseat) VALUES (68, 8, false, 3)       ON DUPLICATE KEY UPDATE id = 68;
INSERT INTO biotrio.ticket (id, ticket_row, ticket_status, ticketseat) VALUES (69, 2, false, 6)       ON DUPLICATE KEY UPDATE id = 69;
INSERT INTO biotrio.ticket (id, ticket_row, ticket_status, ticketseat) VALUES (70, 1, false, 4)       ON DUPLICATE KEY UPDATE id = 70;
INSERT INTO biotrio.ticket (id, ticket_row, ticket_status, ticketseat) VALUES (71, 1, false, 1)       ON DUPLICATE KEY UPDATE id = 71;
INSERT INTO biotrio.ticket (id, ticket_row, ticket_status, ticketseat) VALUES (72, 6, false, 5)       ON DUPLICATE KEY UPDATE id = 72;
INSERT INTO biotrio.ticket (id, ticket_row, ticket_status, ticketseat) VALUES (73, 8, false, 5)       ON DUPLICATE KEY UPDATE id = 73;
INSERT INTO biotrio.ticket (id, ticket_row, ticket_status, ticketseat) VALUES (74, 5, false, 1)       ON DUPLICATE KEY UPDATE id = 74;
INSERT INTO biotrio.ticket (id, ticket_row, ticket_status, ticketseat) VALUES (75, 7, false, 6)       ON DUPLICATE KEY UPDATE id = 75;
INSERT INTO biotrio.ticket (id, ticket_row, ticket_status, ticketseat) VALUES (76, 3, false, 6)       ON DUPLICATE KEY UPDATE id = 76;
INSERT INTO biotrio.ticket (id, ticket_row, ticket_status, ticketseat) VALUES (77, 5, false, 2)       ON DUPLICATE KEY UPDATE id = 77;
INSERT INTO biotrio.ticket (id, ticket_row, ticket_status, ticketseat) VALUES (78, 2, false, 5)       ON DUPLICATE KEY UPDATE id = 78;
INSERT INTO biotrio.ticket (id, ticket_row, ticket_status, ticketseat) VALUES (79, 5, false, 5)       ON DUPLICATE KEY UPDATE id = 79;
INSERT INTO biotrio.ticket (id, ticket_row, ticket_status, ticketseat) VALUES (80, 7, false, 2)       ON DUPLICATE KEY UPDATE id = 80;
INSERT INTO biotrio.ticket (id, ticket_row, ticket_status, ticketseat) VALUES (81, 4, false, 1)       ON DUPLICATE KEY UPDATE id = 81;
INSERT INTO biotrio.ticket (id, ticket_row, ticket_status, ticketseat) VALUES (82, 3, false, 4)       ON DUPLICATE KEY UPDATE id = 82;
INSERT INTO biotrio.ticket (id, ticket_row, ticket_status, ticketseat) VALUES (83, 1, false, 5)       ON DUPLICATE KEY UPDATE id = 83;
INSERT INTO biotrio.ticket (id, ticket_row, ticket_status, ticketseat) VALUES (84, 3, false, 2)       ON DUPLICATE KEY UPDATE id = 84;
INSERT INTO biotrio.ticket (id, ticket_row, ticket_status, ticketseat) VALUES (85, 1, false, 3)       ON DUPLICATE KEY UPDATE id = 85;
INSERT INTO biotrio.ticket (id, ticket_row, ticket_status, ticketseat) VALUES (86, 6, false, 6)       ON DUPLICATE KEY UPDATE id = 86;
INSERT INTO biotrio.ticket (id, ticket_row, ticket_status, ticketseat) VALUES (87, 8, false, 4)       ON DUPLICATE KEY UPDATE id = 87;
INSERT INTO biotrio.ticket (id, ticket_row, ticket_status, ticketseat) VALUES (88, 8, false, 1)       ON DUPLICATE KEY UPDATE id = 88;
INSERT INTO biotrio.ticket (id, ticket_row, ticket_status, ticketseat) VALUES (89, 7, false, 4)       ON DUPLICATE KEY UPDATE id = 89;
INSERT INTO biotrio.ticket (id, ticket_row, ticket_status, ticketseat) VALUES (90, 4, false, 5)       ON DUPLICATE KEY UPDATE id = 90;
INSERT INTO biotrio.ticket (id, ticket_row, ticket_status, ticketseat) VALUES (91, 3, false, 1)       ON DUPLICATE KEY UPDATE id = 91;
INSERT INTO biotrio.ticket (id, ticket_row, ticket_status, ticketseat) VALUES (92, 6, false, 4)       ON DUPLICATE KEY UPDATE id = 92;
INSERT INTO biotrio.ticket (id, ticket_row, ticket_status, ticketseat) VALUES (93, 3, false, 5)       ON DUPLICATE KEY UPDATE id = 93;
INSERT INTO biotrio.ticket (id, ticket_row, ticket_status, ticketseat) VALUES (94, 7, false, 3)       ON DUPLICATE KEY UPDATE id = 94;
INSERT INTO biotrio.ticket (id, ticket_row, ticket_status, ticketseat) VALUES (95, 4, false, 2)       ON DUPLICATE KEY UPDATE id = 95;
INSERT INTO biotrio.ticket (id, ticket_row, ticket_status, ticketseat) VALUES (96, 6, false, 2)       ON DUPLICATE KEY UPDATE id = 96;
INSERT INTO biotrio.ticket (id, ticket_row, ticket_status, ticketseat) VALUES (337, 8, false, 3)       ON DUPLICATE KEY UPDATE id = 337;
INSERT INTO biotrio.ticket (id, ticket_row, ticket_status, ticketseat) VALUES (338, 5, false, 4)       ON DUPLICATE KEY UPDATE id = 338;
INSERT INTO biotrio.ticket (id, ticket_row, ticket_status, ticketseat) VALUES (339, 3, false, 10)       ON DUPLICATE KEY UPDATE id = 339;
INSERT INTO biotrio.ticket (id, ticket_row, ticket_status, ticketseat) VALUES (340, 4, false, 4)       ON DUPLICATE KEY UPDATE id = 340;
INSERT INTO biotrio.ticket (id, ticket_row, ticket_status, ticketseat) VALUES (341, 1, false, 1)       ON DUPLICATE KEY UPDATE id = 341;
INSERT INTO biotrio.ticket (id, ticket_row, ticket_status, ticketseat) VALUES (342, 3, false, 3)       ON DUPLICATE KEY UPDATE id = 342;
INSERT INTO biotrio.ticket (id, ticket_row, ticket_status, ticketseat) VALUES (343, 6, false, 9)       ON DUPLICATE KEY UPDATE id = 343;
INSERT INTO biotrio.ticket (id, ticket_row, ticket_status, ticketseat) VALUES (344, 1, false, 10)       ON DUPLICATE KEY UPDATE id = 344;
INSERT INTO biotrio.ticket (id, ticket_row, ticket_status, ticketseat) VALUES (345, 2, false, 1)       ON DUPLICATE KEY UPDATE id = 345;
INSERT INTO biotrio.ticket (id, ticket_row, ticket_status, ticketseat) VALUES (346, 8, false, 12)       ON DUPLICATE KEY UPDATE id = 346;
INSERT INTO biotrio.ticket (id, ticket_row, ticket_status, ticketseat) VALUES (347, 5, false, 1)       ON DUPLICATE KEY UPDATE id = 347;
INSERT INTO biotrio.ticket (id, ticket_row, ticket_status, ticketseat) VALUES (348, 8, false, 8)       ON DUPLICATE KEY UPDATE id = 348;
INSERT INTO biotrio.ticket (id, ticket_row, ticket_status, ticketseat) VALUES (349, 8, false, 9)       ON DUPLICATE KEY UPDATE id = 349;
INSERT INTO biotrio.ticket (id, ticket_row, ticket_status, ticketseat) VALUES (350, 3, false, 8)       ON DUPLICATE KEY UPDATE id = 350;
INSERT INTO biotrio.ticket (id, ticket_row, ticket_status, ticketseat) VALUES (351, 2, false, 12)       ON DUPLICATE KEY UPDATE id = 351;
INSERT INTO biotrio.ticket (id, ticket_row, ticket_status, ticketseat) VALUES (352, 1, false, 5)       ON DUPLICATE KEY UPDATE id = 352;
INSERT INTO biotrio.ticket (id, ticket_row, ticket_status, ticketseat) VALUES (353, 4, false, 1)       ON DUPLICATE KEY UPDATE id = 353;
INSERT INTO biotrio.ticket (id, ticket_row, ticket_status, ticketseat) VALUES (354, 8, false, 4)       ON DUPLICATE KEY UPDATE id = 354;
INSERT INTO biotrio.ticket (id, ticket_row, ticket_status, ticketseat) VALUES (355, 1, false, 3)       ON DUPLICATE KEY UPDATE id = 355;
INSERT INTO biotrio.ticket (id, ticket_row, ticket_status, ticketseat) VALUES (356, 3, false, 6)       ON DUPLICATE KEY UPDATE id = 356;
INSERT INTO biotrio.ticket (id, ticket_row, ticket_status, ticketseat) VALUES (357, 7, false, 5)       ON DUPLICATE KEY UPDATE id = 357;
INSERT INTO biotrio.ticket (id, ticket_row, ticket_status, ticketseat) VALUES (358, 5, false, 9)       ON DUPLICATE KEY UPDATE id = 358;
INSERT INTO biotrio.ticket (id, ticket_row, ticket_status, ticketseat) VALUES (359, 6, false, 7)       ON DUPLICATE KEY UPDATE id = 359;
INSERT INTO biotrio.ticket (id, ticket_row, ticket_status, ticketseat) VALUES (360, 7, false, 9)       ON DUPLICATE KEY UPDATE id = 360;
INSERT INTO biotrio.ticket (id, ticket_row, ticket_status, ticketseat) VALUES (361, 4, false, 9)       ON DUPLICATE KEY UPDATE id = 361;
INSERT INTO biotrio.ticket (id, ticket_row, ticket_status, ticketseat) VALUES (362, 5, false, 6)       ON DUPLICATE KEY UPDATE id = 362;
INSERT INTO biotrio.ticket (id, ticket_row, ticket_status, ticketseat) VALUES (363, 3, false, 7)       ON DUPLICATE KEY UPDATE id = 363;
INSERT INTO biotrio.ticket (id, ticket_row, ticket_status, ticketseat) VALUES (364, 7, false, 8)       ON DUPLICATE KEY UPDATE id = 364;
INSERT INTO biotrio.ticket (id, ticket_row, ticket_status, ticketseat) VALUES (365, 4, false, 6)       ON DUPLICATE KEY UPDATE id = 365;
INSERT INTO biotrio.ticket (id, ticket_row, ticket_status, ticketseat) VALUES (366, 8, false, 7)       ON DUPLICATE KEY UPDATE id = 366;
INSERT INTO biotrio.ticket (id, ticket_row, ticket_status, ticketseat) VALUES (367, 7, false, 4)       ON DUPLICATE KEY UPDATE id = 367;
INSERT INTO biotrio.ticket (id, ticket_row, ticket_status, ticketseat) VALUES (368, 7, false, 12)       ON DUPLICATE KEY UPDATE id = 368;
INSERT INTO biotrio.ticket (id, ticket_row, ticket_status, ticketseat) VALUES (369, 8, false, 1)       ON DUPLICATE KEY UPDATE id = 369;
INSERT INTO biotrio.ticket (id, ticket_row, ticket_status, ticketseat) VALUES (370, 3, false, 1)       ON DUPLICATE KEY UPDATE id = 370;
INSERT INTO biotrio.ticket (id, ticket_row, ticket_status, ticketseat) VALUES (371, 5, false, 8)       ON DUPLICATE KEY UPDATE id = 371;
INSERT INTO biotrio.ticket (id, ticket_row, ticket_status, ticketseat) VALUES (372, 3, false, 12)       ON DUPLICATE KEY UPDATE id = 372;
INSERT INTO biotrio.ticket (id, ticket_row, ticket_status, ticketseat) VALUES (373, 6, false, 10)       ON DUPLICATE KEY UPDATE id = 373;
INSERT INTO biotrio.ticket (id, ticket_row, ticket_status, ticketseat) VALUES (374, 7, false, 6)       ON DUPLICATE KEY UPDATE id = 374;
INSERT INTO biotrio.ticket (id, ticket_row, ticket_status, ticketseat) VALUES (375, 4, false, 5)       ON DUPLICATE KEY UPDATE id = 375;
INSERT INTO biotrio.ticket (id, ticket_row, ticket_status, ticketseat) VALUES (376, 5, false, 10)       ON DUPLICATE KEY UPDATE id = 376;
INSERT INTO biotrio.ticket (id, ticket_row, ticket_status, ticketseat) VALUES (377, 5, false, 11)       ON DUPLICATE KEY UPDATE id = 377;
INSERT INTO biotrio.ticket (id, ticket_row, ticket_status, ticketseat) VALUES (378, 2, false, 7)       ON DUPLICATE KEY UPDATE id = 378;
INSERT INTO biotrio.ticket (id, ticket_row, ticket_status, ticketseat) VALUES (379, 7, false, 11)       ON DUPLICATE KEY UPDATE id = 379;
INSERT INTO biotrio.ticket (id, ticket_row, ticket_status, ticketseat) VALUES (380, 2, false, 10)       ON DUPLICATE KEY UPDATE id = 380;
INSERT INTO biotrio.ticket (id, ticket_row, ticket_status, ticketseat) VALUES (381, 6, false, 6)       ON DUPLICATE KEY UPDATE id = 381;
INSERT INTO biotrio.ticket (id, ticket_row, ticket_status, ticketseat) VALUES (382, 2, false, 6)       ON DUPLICATE KEY UPDATE id = 382;
INSERT INTO biotrio.ticket (id, ticket_row, ticket_status, ticketseat) VALUES (383, 8, false, 5)       ON DUPLICATE KEY UPDATE id = 383;
INSERT INTO biotrio.ticket (id, ticket_row, ticket_status, ticketseat) VALUES (384, 8, false, 10)       ON DUPLICATE KEY UPDATE id = 384;
INSERT INTO biotrio.ticket (id, ticket_row, ticket_status, ticketseat) VALUES (385, 1, false, 11)       ON DUPLICATE KEY UPDATE id = 385;
INSERT INTO biotrio.ticket (id, ticket_row, ticket_status, ticketseat) VALUES (386, 6, false, 2)       ON DUPLICATE KEY UPDATE id = 386;
INSERT INTO biotrio.ticket (id, ticket_row, ticket_status, ticketseat) VALUES (387, 7, false, 1)       ON DUPLICATE KEY UPDATE id = 387;
INSERT INTO biotrio.ticket (id, ticket_row, ticket_status, ticketseat) VALUES (388, 5, false, 12)       ON DUPLICATE KEY UPDATE id = 388;
INSERT INTO biotrio.ticket (id, ticket_row, ticket_status, ticketseat) VALUES (389, 1, false, 7)       ON DUPLICATE KEY UPDATE id = 389;
INSERT INTO biotrio.ticket (id, ticket_row, ticket_status, ticketseat) VALUES (390, 3, false, 5)       ON DUPLICATE KEY UPDATE id = 390;
INSERT INTO biotrio.ticket (id, ticket_row, ticket_status, ticketseat) VALUES (391, 4, false, 8)       ON DUPLICATE KEY UPDATE id = 391;
INSERT INTO biotrio.ticket (id, ticket_row, ticket_status, ticketseat) VALUES (392, 3, false, 2)       ON DUPLICATE KEY UPDATE id = 392;
INSERT INTO biotrio.ticket (id, ticket_row, ticket_status, ticketseat) VALUES (393, 1, false, 6)       ON DUPLICATE KEY UPDATE id = 393;
INSERT INTO biotrio.ticket (id, ticket_row, ticket_status, ticketseat) VALUES (394, 2, false, 5)       ON DUPLICATE KEY UPDATE id = 394;
INSERT INTO biotrio.ticket (id, ticket_row, ticket_status, ticketseat) VALUES (395, 6, false, 4)       ON DUPLICATE KEY UPDATE id = 395;
INSERT INTO biotrio.ticket (id, ticket_row, ticket_status, ticketseat) VALUES (396, 6, false, 8)       ON DUPLICATE KEY UPDATE id = 396;
INSERT INTO biotrio.ticket (id, ticket_row, ticket_status, ticketseat) VALUES (397, 2, false, 2)       ON DUPLICATE KEY UPDATE id = 397;
INSERT INTO biotrio.ticket (id, ticket_row, ticket_status, ticketseat) VALUES (398, 7, false, 7)       ON DUPLICATE KEY UPDATE id = 398;
INSERT INTO biotrio.ticket (id, ticket_row, ticket_status, ticketseat) VALUES (399, 2, false, 9)       ON DUPLICATE KEY UPDATE id = 399;
INSERT INTO biotrio.ticket (id, ticket_row, ticket_status, ticketseat) VALUES (400, 3, false, 4)       ON DUPLICATE KEY UPDATE id = 400;
INSERT INTO biotrio.ticket (id, ticket_row, ticket_status, ticketseat) VALUES (401, 1, false, 2)       ON DUPLICATE KEY UPDATE id = 401;
INSERT INTO biotrio.ticket (id, ticket_row, ticket_status, ticketseat) VALUES (402, 2, false, 3)       ON DUPLICATE KEY UPDATE id = 402;
INSERT INTO biotrio.ticket (id, ticket_row, ticket_status, ticketseat) VALUES (403, 2, false, 8)       ON DUPLICATE KEY UPDATE id = 403;
INSERT INTO biotrio.ticket (id, ticket_row, ticket_status, ticketseat) VALUES (404, 1, false, 8)       ON DUPLICATE KEY UPDATE id = 404;
INSERT INTO biotrio.ticket (id, ticket_row, ticket_status, ticketseat) VALUES (405, 8, false, 2)       ON DUPLICATE KEY UPDATE id = 405;
INSERT INTO biotrio.ticket (id, ticket_row, ticket_status, ticketseat) VALUES (406, 8, false, 11)       ON DUPLICATE KEY UPDATE id = 406;
INSERT INTO biotrio.ticket (id, ticket_row, ticket_status, ticketseat) VALUES (407, 5, false, 3)       ON DUPLICATE KEY UPDATE id = 407;
INSERT INTO biotrio.ticket (id, ticket_row, ticket_status, ticketseat) VALUES (408, 1, false, 4)       ON DUPLICATE KEY UPDATE id = 408;
INSERT INTO biotrio.ticket (id, ticket_row, ticket_status, ticketseat) VALUES (409, 6, false, 11)       ON DUPLICATE KEY UPDATE id = 409;
INSERT INTO biotrio.ticket (id, ticket_row, ticket_status, ticketseat) VALUES (410, 2, false, 4)       ON DUPLICATE KEY UPDATE id = 410;
INSERT INTO biotrio.ticket (id, ticket_row, ticket_status, ticketseat) VALUES (411, 4, false, 2)       ON DUPLICATE KEY UPDATE id = 411;
INSERT INTO biotrio.ticket (id, ticket_row, ticket_status, ticketseat) VALUES (412, 3, false, 11)       ON DUPLICATE KEY UPDATE id = 412;
INSERT INTO biotrio.ticket (id, ticket_row, ticket_status, ticketseat) VALUES (413, 7, false, 10)       ON DUPLICATE KEY UPDATE id = 413;
INSERT INTO biotrio.ticket (id, ticket_row, ticket_status, ticketseat) VALUES (414, 6, false, 5)       ON DUPLICATE KEY UPDATE id = 414;
INSERT INTO biotrio.ticket (id, ticket_row, ticket_status, ticketseat) VALUES (415, 2, false, 11)       ON DUPLICATE KEY UPDATE id = 415;
INSERT INTO biotrio.ticket (id, ticket_row, ticket_status, ticketseat) VALUES (416, 4, false, 12)       ON DUPLICATE KEY UPDATE id = 416;
INSERT INTO biotrio.ticket (id, ticket_row, ticket_status, ticketseat) VALUES (417, 1, false, 9)       ON DUPLICATE KEY UPDATE id = 417;
INSERT INTO biotrio.ticket (id, ticket_row, ticket_status, ticketseat) VALUES (418, 5, false, 5)       ON DUPLICATE KEY UPDATE id = 418;
INSERT INTO biotrio.ticket (id, ticket_row, ticket_status, ticketseat) VALUES (419, 4, false, 10)       ON DUPLICATE KEY UPDATE id = 419;
INSERT INTO biotrio.ticket (id, ticket_row, ticket_status, ticketseat) VALUES (420, 5, false, 2)       ON DUPLICATE KEY UPDATE id = 420;
INSERT INTO biotrio.ticket (id, ticket_row, ticket_status, ticketseat) VALUES (421, 1, false, 12)       ON DUPLICATE KEY UPDATE id = 421;
INSERT INTO biotrio.ticket (id, ticket_row, ticket_status, ticketseat) VALUES (422, 6, false, 3)       ON DUPLICATE KEY UPDATE id = 422;
INSERT INTO biotrio.ticket (id, ticket_row, ticket_status, ticketseat) VALUES (423, 4, false, 11)       ON DUPLICATE KEY UPDATE id = 423;
INSERT INTO biotrio.ticket (id, ticket_row, ticket_status, ticketseat) VALUES (424, 5, false, 7)       ON DUPLICATE KEY UPDATE id = 424;
INSERT INTO biotrio.ticket (id, ticket_row, ticket_status, ticketseat) VALUES (425, 7, false, 2)       ON DUPLICATE KEY UPDATE id = 425;
INSERT INTO biotrio.ticket (id, ticket_row, ticket_status, ticketseat) VALUES (426, 8, false, 6)       ON DUPLICATE KEY UPDATE id = 426;
INSERT INTO biotrio.ticket (id, ticket_row, ticket_status, ticketseat) VALUES (427, 4, false, 3)       ON DUPLICATE KEY UPDATE id = 427;
INSERT INTO biotrio.ticket (id, ticket_row, ticket_status, ticketseat) VALUES (428, 7, false, 3)       ON DUPLICATE KEY UPDATE id = 428;
INSERT INTO biotrio.ticket (id, ticket_row, ticket_status, ticketseat) VALUES (429, 6, false, 12)       ON DUPLICATE KEY UPDATE id = 429;
INSERT INTO biotrio.ticket (id, ticket_row, ticket_status, ticketseat) VALUES (430, 3, false, 9)       ON DUPLICATE KEY UPDATE id = 430;
INSERT INTO biotrio.ticket (id, ticket_row, ticket_status, ticketseat) VALUES (431, 4, false, 7)       ON DUPLICATE KEY UPDATE id = 431;
INSERT INTO biotrio.ticket (id, ticket_row, ticket_status, ticketseat) VALUES (432, 6, false, 1)       ON DUPLICATE KEY UPDATE id = 432;
INSERT INTO biotrio.ticket (id, ticket_row, ticket_status, ticketseat) VALUES (433, 1, false, 6)       ON DUPLICATE KEY UPDATE id = 433;
INSERT INTO biotrio.ticket (id, ticket_row, ticket_status, ticketseat) VALUES (434, 7, false, 1)       ON DUPLICATE KEY UPDATE id = 434;
INSERT INTO biotrio.ticket (id, ticket_row, ticket_status, ticketseat) VALUES (435, 1, false, 2)       ON DUPLICATE KEY UPDATE id = 435;
INSERT INTO biotrio.ticket (id, ticket_row, ticket_status, ticketseat) VALUES (436, 3, false, 3)       ON DUPLICATE KEY UPDATE id = 436;
INSERT INTO biotrio.ticket (id, ticket_row, ticket_status, ticketseat) VALUES (437, 5, false, 10)       ON DUPLICATE KEY UPDATE id = 437;
INSERT INTO biotrio.ticket (id, ticket_row, ticket_status, ticketseat) VALUES (438, 3, false, 12)       ON DUPLICATE KEY UPDATE id = 438;
INSERT INTO biotrio.ticket (id, ticket_row, ticket_status, ticketseat) VALUES (439, 6, false, 11)       ON DUPLICATE KEY UPDATE id = 439;
INSERT INTO biotrio.ticket (id, ticket_row, ticket_status, ticketseat) VALUES (440, 8, false, 9)       ON DUPLICATE KEY UPDATE id = 440;
INSERT INTO biotrio.ticket (id, ticket_row, ticket_status, ticketseat) VALUES (441, 4, false, 3)       ON DUPLICATE KEY UPDATE id = 441;
INSERT INTO biotrio.ticket (id, ticket_row, ticket_status, ticketseat) VALUES (442, 4, false, 9)       ON DUPLICATE KEY UPDATE id = 442;
INSERT INTO biotrio.ticket (id, ticket_row, ticket_status, ticketseat) VALUES (443, 4, false, 2)       ON DUPLICATE KEY UPDATE id = 443;
INSERT INTO biotrio.ticket (id, ticket_row, ticket_status, ticketseat) VALUES (444, 4, false, 6)       ON DUPLICATE KEY UPDATE id = 444;
INSERT INTO biotrio.ticket (id, ticket_row, ticket_status, ticketseat) VALUES (445, 4, false, 12)       ON DUPLICATE KEY UPDATE id = 445;
INSERT INTO biotrio.ticket (id, ticket_row, ticket_status, ticketseat) VALUES (446, 6, false, 2)       ON DUPLICATE KEY UPDATE id = 446;
INSERT INTO biotrio.ticket (id, ticket_row, ticket_status, ticketseat) VALUES (447, 7, false, 12)       ON DUPLICATE KEY UPDATE id = 447;
INSERT INTO biotrio.ticket (id, ticket_row, ticket_status, ticketseat) VALUES (448, 2, false, 6)       ON DUPLICATE KEY UPDATE id = 448;
INSERT INTO biotrio.ticket (id, ticket_row, ticket_status, ticketseat) VALUES (449, 5, false, 12)       ON DUPLICATE KEY UPDATE id = 449;
INSERT INTO biotrio.ticket (id, ticket_row, ticket_status, ticketseat) VALUES (450, 8, false, 4)       ON DUPLICATE KEY UPDATE id = 450;
INSERT INTO biotrio.ticket (id, ticket_row, ticket_status, ticketseat) VALUES (451, 7, false, 9)       ON DUPLICATE KEY UPDATE id = 451;
INSERT INTO biotrio.ticket (id, ticket_row, ticket_status, ticketseat) VALUES (452, 8, false, 12)       ON DUPLICATE KEY UPDATE id = 452;
INSERT INTO biotrio.ticket (id, ticket_row, ticket_status, ticketseat) VALUES (453, 3, false, 5)       ON DUPLICATE KEY UPDATE id = 453;
INSERT INTO biotrio.ticket (id, ticket_row, ticket_status, ticketseat) VALUES (454, 2, false, 10)       ON DUPLICATE KEY UPDATE id = 454;
INSERT INTO biotrio.ticket (id, ticket_row, ticket_status, ticketseat) VALUES (455, 2, false, 3)       ON DUPLICATE KEY UPDATE id = 455;
INSERT INTO biotrio.ticket (id, ticket_row, ticket_status, ticketseat) VALUES (456, 3, false, 6)       ON DUPLICATE KEY UPDATE id = 456;
INSERT INTO biotrio.ticket (id, ticket_row, ticket_status, ticketseat) VALUES (457, 6, false, 4)       ON DUPLICATE KEY UPDATE id = 457;
INSERT INTO biotrio.ticket (id, ticket_row, ticket_status, ticketseat) VALUES (458, 6, false, 1)       ON DUPLICATE KEY UPDATE id = 458;
INSERT INTO biotrio.ticket (id, ticket_row, ticket_status, ticketseat) VALUES (459, 7, false, 4)       ON DUPLICATE KEY UPDATE id = 459;
INSERT INTO biotrio.ticket (id, ticket_row, ticket_status, ticketseat) VALUES (460, 8, false, 3)       ON DUPLICATE KEY UPDATE id = 460;
INSERT INTO biotrio.ticket (id, ticket_row, ticket_status, ticketseat) VALUES (461, 7, false, 10)       ON DUPLICATE KEY UPDATE id = 461;
INSERT INTO biotrio.ticket (id, ticket_row, ticket_status, ticketseat) VALUES (462, 3, false, 4)       ON DUPLICATE KEY UPDATE id = 462;
INSERT INTO biotrio.ticket (id, ticket_row, ticket_status, ticketseat) VALUES (463, 4, false, 4)       ON DUPLICATE KEY UPDATE id = 463;
INSERT INTO biotrio.ticket (id, ticket_row, ticket_status, ticketseat) VALUES (464, 5, false, 2)       ON DUPLICATE KEY UPDATE id = 464;
INSERT INTO biotrio.ticket (id, ticket_row, ticket_status, ticketseat) VALUES (465, 4, false, 11)       ON DUPLICATE KEY UPDATE id = 465;
INSERT INTO biotrio.ticket (id, ticket_row, ticket_status, ticketseat) VALUES (466, 1, false, 4)       ON DUPLICATE KEY UPDATE id = 466;
INSERT INTO biotrio.ticket (id, ticket_row, ticket_status, ticketseat) VALUES (467, 8, false, 1)       ON DUPLICATE KEY UPDATE id = 467;
INSERT INTO biotrio.ticket (id, ticket_row, ticket_status, ticketseat) VALUES (468, 7, false, 5)       ON DUPLICATE KEY UPDATE id = 468;
INSERT INTO biotrio.ticket (id, ticket_row, ticket_status, ticketseat) VALUES (469, 8, false, 7)       ON DUPLICATE KEY UPDATE id = 469;
INSERT INTO biotrio.ticket (id, ticket_row, ticket_status, ticketseat) VALUES (470, 4, false, 7)       ON DUPLICATE KEY UPDATE id = 470;
INSERT INTO biotrio.ticket (id, ticket_row, ticket_status, ticketseat) VALUES (471, 5, false, 3)       ON DUPLICATE KEY UPDATE id = 471;
INSERT INTO biotrio.ticket (id, ticket_row, ticket_status, ticketseat) VALUES (472, 6, false, 6)       ON DUPLICATE KEY UPDATE id = 472;
INSERT INTO biotrio.ticket (id, ticket_row, ticket_status, ticketseat) VALUES (473, 4, false, 1)       ON DUPLICATE KEY UPDATE id = 473;
INSERT INTO biotrio.ticket (id, ticket_row, ticket_status, ticketseat) VALUES (474, 1, false, 9)       ON DUPLICATE KEY UPDATE id = 474;
INSERT INTO biotrio.ticket (id, ticket_row, ticket_status, ticketseat) VALUES (475, 2, false, 1)       ON DUPLICATE KEY UPDATE id = 475;
INSERT INTO biotrio.ticket (id, ticket_row, ticket_status, ticketseat) VALUES (476, 2, false, 7)       ON DUPLICATE KEY UPDATE id = 476;
INSERT INTO biotrio.ticket (id, ticket_row, ticket_status, ticketseat) VALUES (477, 3, false, 2)       ON DUPLICATE KEY UPDATE id = 477;
INSERT INTO biotrio.ticket (id, ticket_row, ticket_status, ticketseat) VALUES (478, 7, false, 8)       ON DUPLICATE KEY UPDATE id = 478;
INSERT INTO biotrio.ticket (id, ticket_row, ticket_status, ticketseat) VALUES (479, 6, false, 5)       ON DUPLICATE KEY UPDATE id = 479;
INSERT INTO biotrio.ticket (id, ticket_row, ticket_status, ticketseat) VALUES (480, 2, false, 9)       ON DUPLICATE KEY UPDATE id = 480;
INSERT INTO biotrio.ticket (id, ticket_row, ticket_status, ticketseat) VALUES (481, 5, false, 8)       ON DUPLICATE KEY UPDATE id = 481;
INSERT INTO biotrio.ticket (id, ticket_row, ticket_status, ticketseat) VALUES (482, 1, false, 1)       ON DUPLICATE KEY UPDATE id = 482;
INSERT INTO biotrio.ticket (id, ticket_row, ticket_status, ticketseat) VALUES (483, 4, false, 8)       ON DUPLICATE KEY UPDATE id = 483;
INSERT INTO biotrio.ticket (id, ticket_row, ticket_status, ticketseat) VALUES (484, 6, false, 10)       ON DUPLICATE KEY UPDATE id = 484;
INSERT INTO biotrio.ticket (id, ticket_row, ticket_status, ticketseat) VALUES (485, 1, false, 3)       ON DUPLICATE KEY UPDATE id = 485;
INSERT INTO biotrio.ticket (id, ticket_row, ticket_status, ticketseat) VALUES (486, 2, false, 5)       ON DUPLICATE KEY UPDATE id = 486;
INSERT INTO biotrio.ticket (id, ticket_row, ticket_status, ticketseat) VALUES (487, 2, false, 12)       ON DUPLICATE KEY UPDATE id = 487;
INSERT INTO biotrio.ticket (id, ticket_row, ticket_status, ticketseat) VALUES (488, 2, false, 8)       ON DUPLICATE KEY UPDATE id = 488;
INSERT INTO biotrio.ticket (id, ticket_row, ticket_status, ticketseat) VALUES (489, 8, false, 8)       ON DUPLICATE KEY UPDATE id = 489;
INSERT INTO biotrio.ticket (id, ticket_row, ticket_status, ticketseat) VALUES (490, 3, false, 10)       ON DUPLICATE KEY UPDATE id = 490;
INSERT INTO biotrio.ticket (id, ticket_row, ticket_status, ticketseat) VALUES (491, 5, false, 4)       ON DUPLICATE KEY UPDATE id = 491;
INSERT INTO biotrio.ticket (id, ticket_row, ticket_status, ticketseat) VALUES (492, 3, false, 9)       ON DUPLICATE KEY UPDATE id = 492;
INSERT INTO biotrio.ticket (id, ticket_row, ticket_status, ticketseat) VALUES (493, 8, false, 5)       ON DUPLICATE KEY UPDATE id = 493;
INSERT INTO biotrio.ticket (id, ticket_row, ticket_status, ticketseat) VALUES (494, 1, false, 5)       ON DUPLICATE KEY UPDATE id = 494;
INSERT INTO biotrio.ticket (id, ticket_row, ticket_status, ticketseat) VALUES (495, 8, false, 2)       ON DUPLICATE KEY UPDATE id = 495;
INSERT INTO biotrio.ticket (id, ticket_row, ticket_status, ticketseat) VALUES (496, 7, false, 2)       ON DUPLICATE KEY UPDATE id = 496;
INSERT INTO biotrio.ticket (id, ticket_row, ticket_status, ticketseat) VALUES (497, 8, false, 6)       ON DUPLICATE KEY UPDATE id = 497;
INSERT INTO biotrio.ticket (id, ticket_row, ticket_status, ticketseat) VALUES (498, 1, false, 8)       ON DUPLICATE KEY UPDATE id = 498;
INSERT INTO biotrio.ticket (id, ticket_row, ticket_status, ticketseat) VALUES (499, 3, false, 11)       ON DUPLICATE KEY UPDATE id = 499;
INSERT INTO biotrio.ticket (id, ticket_row, ticket_status, ticketseat) VALUES (500, 6, false, 12)       ON DUPLICATE KEY UPDATE id = 500;
INSERT INTO biotrio.ticket (id, ticket_row, ticket_status, ticketseat) VALUES (501, 8, false, 11)       ON DUPLICATE KEY UPDATE id = 501;
INSERT INTO biotrio.ticket (id, ticket_row, ticket_status, ticketseat) VALUES (502, 4, false, 5)       ON DUPLICATE KEY UPDATE id = 502;
INSERT INTO biotrio.ticket (id, ticket_row, ticket_status, ticketseat) VALUES (503, 6, false, 3)       ON DUPLICATE KEY UPDATE id = 503;
INSERT INTO biotrio.ticket (id, ticket_row, ticket_status, ticketseat) VALUES (504, 5, false, 11)       ON DUPLICATE KEY UPDATE id = 504;
INSERT INTO biotrio.ticket (id, ticket_row, ticket_status, ticketseat) VALUES (505, 1, false, 10)       ON DUPLICATE KEY UPDATE id = 505;
INSERT INTO biotrio.ticket (id, ticket_row, ticket_status, ticketseat) VALUES (506, 3, false, 8)       ON DUPLICATE KEY UPDATE id = 506;
INSERT INTO biotrio.ticket (id, ticket_row, ticket_status, ticketseat) VALUES (507, 5, false, 5)       ON DUPLICATE KEY UPDATE id = 507;
INSERT INTO biotrio.ticket (id, ticket_row, ticket_status, ticketseat) VALUES (508, 6, false, 7)       ON DUPLICATE KEY UPDATE id = 508;
INSERT INTO biotrio.ticket (id, ticket_row, ticket_status, ticketseat) VALUES (509, 6, false, 8)       ON DUPLICATE KEY UPDATE id = 509;
INSERT INTO biotrio.ticket (id, ticket_row, ticket_status, ticketseat) VALUES (510, 3, false, 1)       ON DUPLICATE KEY UPDATE id = 510;
INSERT INTO biotrio.ticket (id, ticket_row, ticket_status, ticketseat) VALUES (511, 5, false, 7)       ON DUPLICATE KEY UPDATE id = 511;
INSERT INTO biotrio.ticket (id, ticket_row, ticket_status, ticketseat) VALUES (512, 5, false, 6)       ON DUPLICATE KEY UPDATE id = 512;
INSERT INTO biotrio.ticket (id, ticket_row, ticket_status, ticketseat) VALUES (513, 4, false, 10)       ON DUPLICATE KEY UPDATE id = 513;
INSERT INTO biotrio.ticket (id, ticket_row, ticket_status, ticketseat) VALUES (514, 2, false, 2)       ON DUPLICATE KEY UPDATE id = 514;
INSERT INTO biotrio.ticket (id, ticket_row, ticket_status, ticketseat) VALUES (515, 6, false, 9)       ON DUPLICATE KEY UPDATE id = 515;
INSERT INTO biotrio.ticket (id, ticket_row, ticket_status, ticketseat) VALUES (516, 7, false, 3)       ON DUPLICATE KEY UPDATE id = 516;
INSERT INTO biotrio.ticket (id, ticket_row, ticket_status, ticketseat) VALUES (517, 7, false, 11)       ON DUPLICATE KEY UPDATE id = 517;
INSERT INTO biotrio.ticket (id, ticket_row, ticket_status, ticketseat) VALUES (518, 5, false, 1)       ON DUPLICATE KEY UPDATE id = 518;
INSERT INTO biotrio.ticket (id, ticket_row, ticket_status, ticketseat) VALUES (519, 3, false, 7)       ON DUPLICATE KEY UPDATE id = 519;
INSERT INTO biotrio.ticket (id, ticket_row, ticket_status, ticketseat) VALUES (520, 1, false, 12)       ON DUPLICATE KEY UPDATE id = 520;
INSERT INTO biotrio.ticket (id, ticket_row, ticket_status, ticketseat) VALUES (521, 2, false, 4)       ON DUPLICATE KEY UPDATE id = 521;
INSERT INTO biotrio.ticket (id, ticket_row, ticket_status, ticketseat) VALUES (522, 7, false, 6)       ON DUPLICATE KEY UPDATE id = 522;
INSERT INTO biotrio.ticket (id, ticket_row, ticket_status, ticketseat) VALUES (523, 2, false, 11)       ON DUPLICATE KEY UPDATE id = 523;
INSERT INTO biotrio.ticket (id, ticket_row, ticket_status, ticketseat) VALUES (524, 1, false, 7)       ON DUPLICATE KEY UPDATE id = 524;
INSERT INTO biotrio.ticket (id, ticket_row, ticket_status, ticketseat) VALUES (525, 8, false, 10)       ON DUPLICATE KEY UPDATE id = 525;
INSERT INTO biotrio.ticket (id, ticket_row, ticket_status, ticketseat) VALUES (526, 1, false, 11)       ON DUPLICATE KEY UPDATE id = 526;
INSERT INTO biotrio.ticket (id, ticket_row, ticket_status, ticketseat) VALUES (527, 5, false, 9)       ON DUPLICATE KEY UPDATE id = 527;
INSERT INTO biotrio.ticket (id, ticket_row, ticket_status, ticketseat) VALUES (528, 7, false, 7)       ON DUPLICATE KEY UPDATE id = 528;
INSERT INTO biotrio.ticket (id, ticket_row, ticket_status, ticketseat) VALUES (529, 3, false, 1)       ON DUPLICATE KEY UPDATE id = 529;
INSERT INTO biotrio.ticket (id, ticket_row, ticket_status, ticketseat) VALUES (530, 9, false, 18)       ON DUPLICATE KEY UPDATE id = 530;
INSERT INTO biotrio.ticket (id, ticket_row, ticket_status, ticketseat) VALUES (531, 11, false, 20)       ON DUPLICATE KEY UPDATE id = 531;
INSERT INTO biotrio.ticket (id, ticket_row, ticket_status, ticketseat) VALUES (532, 12, false, 19)       ON DUPLICATE KEY UPDATE id = 532;
INSERT INTO biotrio.ticket (id, ticket_row, ticket_status, ticketseat) VALUES (533, 4, false, 16)       ON DUPLICATE KEY UPDATE id = 533;
INSERT INTO biotrio.ticket (id, ticket_row, ticket_status, ticketseat) VALUES (534, 6, false, 6)       ON DUPLICATE KEY UPDATE id = 534;
INSERT INTO biotrio.ticket (id, ticket_row, ticket_status, ticketseat) VALUES (535, 5, false, 16)       ON DUPLICATE KEY UPDATE id = 535;
INSERT INTO biotrio.ticket (id, ticket_row, ticket_status, ticketseat) VALUES (536, 2, false, 4)       ON DUPLICATE KEY UPDATE id = 536;
INSERT INTO biotrio.ticket (id, ticket_row, ticket_status, ticketseat) VALUES (537, 12, false, 4)       ON DUPLICATE KEY UPDATE id = 537;
INSERT INTO biotrio.ticket (id, ticket_row, ticket_status, ticketseat) VALUES (538, 14, false, 1)       ON DUPLICATE KEY UPDATE id = 538;
INSERT INTO biotrio.ticket (id, ticket_row, ticket_status, ticketseat) VALUES (539, 9, false, 1)       ON DUPLICATE KEY UPDATE id = 539;
INSERT INTO biotrio.ticket (id, ticket_row, ticket_status, ticketseat) VALUES (540, 3, false, 12)       ON DUPLICATE KEY UPDATE id = 540;
INSERT INTO biotrio.ticket (id, ticket_row, ticket_status, ticketseat) VALUES (541, 9, false, 6)       ON DUPLICATE KEY UPDATE id = 541;
INSERT INTO biotrio.ticket (id, ticket_row, ticket_status, ticketseat) VALUES (542, 3, false, 20)       ON DUPLICATE KEY UPDATE id = 542;
INSERT INTO biotrio.ticket (id, ticket_row, ticket_status, ticketseat) VALUES (543, 10, false, 3)       ON DUPLICATE KEY UPDATE id = 543;
INSERT INTO biotrio.ticket (id, ticket_row, ticket_status, ticketseat) VALUES (544, 10, false, 17)       ON DUPLICATE KEY UPDATE id = 544;
INSERT INTO biotrio.ticket (id, ticket_row, ticket_status, ticketseat) VALUES (545, 4, false, 10)       ON DUPLICATE KEY UPDATE id = 545;
INSERT INTO biotrio.ticket (id, ticket_row, ticket_status, ticketseat) VALUES (546, 7, false, 5)       ON DUPLICATE KEY UPDATE id = 546;
INSERT INTO biotrio.ticket (id, ticket_row, ticket_status, ticketseat) VALUES (547, 4, false, 2)       ON DUPLICATE KEY UPDATE id = 547;
INSERT INTO biotrio.ticket (id, ticket_row, ticket_status, ticketseat) VALUES (548, 3, false, 14)       ON DUPLICATE KEY UPDATE id = 548;
INSERT INTO biotrio.ticket (id, ticket_row, ticket_status, ticketseat) VALUES (549, 8, false, 12)       ON DUPLICATE KEY UPDATE id = 549;
INSERT INTO biotrio.ticket (id, ticket_row, ticket_status, ticketseat) VALUES (550, 3, false, 13)       ON DUPLICATE KEY UPDATE id = 550;
INSERT INTO biotrio.ticket (id, ticket_row, ticket_status, ticketseat) VALUES (551, 6, false, 12)       ON DUPLICATE KEY UPDATE id = 551;
INSERT INTO biotrio.ticket (id, ticket_row, ticket_status, ticketseat) VALUES (552, 6, false, 18)       ON DUPLICATE KEY UPDATE id = 552;
INSERT INTO biotrio.ticket (id, ticket_row, ticket_status, ticketseat) VALUES (553, 14, false, 16)       ON DUPLICATE KEY UPDATE id = 553;
INSERT INTO biotrio.ticket (id, ticket_row, ticket_status, ticketseat) VALUES (554, 1, false, 5)       ON DUPLICATE KEY UPDATE id = 554;
INSERT INTO biotrio.ticket (id, ticket_row, ticket_status, ticketseat) VALUES (555, 14, false, 12)       ON DUPLICATE KEY UPDATE id = 555;
INSERT INTO biotrio.ticket (id, ticket_row, ticket_status, ticketseat) VALUES (556, 13, false, 10)       ON DUPLICATE KEY UPDATE id = 556;
INSERT INTO biotrio.ticket (id, ticket_row, ticket_status, ticketseat) VALUES (557, 7, false, 12)       ON DUPLICATE KEY UPDATE id = 557;
INSERT INTO biotrio.ticket (id, ticket_row, ticket_status, ticketseat) VALUES (558, 12, false, 5)       ON DUPLICATE KEY UPDATE id = 558;
INSERT INTO biotrio.ticket (id, ticket_row, ticket_status, ticketseat) VALUES (559, 1, false, 9)       ON DUPLICATE KEY UPDATE id = 559;
INSERT INTO biotrio.ticket (id, ticket_row, ticket_status, ticketseat) VALUES (560, 8, false, 3)       ON DUPLICATE KEY UPDATE id = 560;
INSERT INTO biotrio.ticket (id, ticket_row, ticket_status, ticketseat) VALUES (561, 14, false, 4)       ON DUPLICATE KEY UPDATE id = 561;
INSERT INTO biotrio.ticket (id, ticket_row, ticket_status, ticketseat) VALUES (562, 8, false, 20)       ON DUPLICATE KEY UPDATE id = 562;
INSERT INTO biotrio.ticket (id, ticket_row, ticket_status, ticketseat) VALUES (563, 11, false, 19)       ON DUPLICATE KEY UPDATE id = 563;
INSERT INTO biotrio.ticket (id, ticket_row, ticket_status, ticketseat) VALUES (564, 14, false, 7)       ON DUPLICATE KEY UPDATE id = 564;
INSERT INTO biotrio.ticket (id, ticket_row, ticket_status, ticketseat) VALUES (565, 6, false, 7)       ON DUPLICATE KEY UPDATE id = 565;
INSERT INTO biotrio.ticket (id, ticket_row, ticket_status, ticketseat) VALUES (566, 4, false, 8)       ON DUPLICATE KEY UPDATE id = 566;
INSERT INTO biotrio.ticket (id, ticket_row, ticket_status, ticketseat) VALUES (567, 5, false, 8)       ON DUPLICATE KEY UPDATE id = 567;
INSERT INTO biotrio.ticket (id, ticket_row, ticket_status, ticketseat) VALUES (568, 10, false, 13)       ON DUPLICATE KEY UPDATE id = 568;
INSERT INTO biotrio.ticket (id, ticket_row, ticket_status, ticketseat) VALUES (569, 2, false, 2)       ON DUPLICATE KEY UPDATE id = 569;
INSERT INTO biotrio.ticket (id, ticket_row, ticket_status, ticketseat) VALUES (570, 4, false, 9)       ON DUPLICATE KEY UPDATE id = 570;
INSERT INTO biotrio.ticket (id, ticket_row, ticket_status, ticketseat) VALUES (571, 11, false, 12)       ON DUPLICATE KEY UPDATE id = 571;
INSERT INTO biotrio.ticket (id, ticket_row, ticket_status, ticketseat) VALUES (572, 4, false, 4)       ON DUPLICATE KEY UPDATE id = 572;
INSERT INTO biotrio.ticket (id, ticket_row, ticket_status, ticketseat) VALUES (573, 2, false, 6)       ON DUPLICATE KEY UPDATE id = 573;
INSERT INTO biotrio.ticket (id, ticket_row, ticket_status, ticketseat) VALUES (574, 10, false, 19)       ON DUPLICATE KEY UPDATE id = 574;
INSERT INTO biotrio.ticket (id, ticket_row, ticket_status, ticketseat) VALUES (575, 14, false, 20)       ON DUPLICATE KEY UPDATE id = 575;
INSERT INTO biotrio.ticket (id, ticket_row, ticket_status, ticketseat) VALUES (576, 14, false, 9)       ON DUPLICATE KEY UPDATE id = 576;
INSERT INTO biotrio.ticket (id, ticket_row, ticket_status, ticketseat) VALUES (577, 8, false, 1)       ON DUPLICATE KEY UPDATE id = 577;
INSERT INTO biotrio.ticket (id, ticket_row, ticket_status, ticketseat) VALUES (578, 9, false, 2)       ON DUPLICATE KEY UPDATE id = 578;
INSERT INTO biotrio.ticket (id, ticket_row, ticket_status, ticketseat) VALUES (579, 10, false, 8)       ON DUPLICATE KEY UPDATE id = 579;
INSERT INTO biotrio.ticket (id, ticket_row, ticket_status, ticketseat) VALUES (580, 7, false, 19)       ON DUPLICATE KEY UPDATE id = 580;
INSERT INTO biotrio.ticket (id, ticket_row, ticket_status, ticketseat) VALUES (581, 4, false, 13)       ON DUPLICATE KEY UPDATE id = 581;
INSERT INTO biotrio.ticket (id, ticket_row, ticket_status, ticketseat) VALUES (582, 5, false, 20)       ON DUPLICATE KEY UPDATE id = 582;
INSERT INTO biotrio.ticket (id, ticket_row, ticket_status, ticketseat) VALUES (583, 9, false, 14)       ON DUPLICATE KEY UPDATE id = 583;
INSERT INTO biotrio.ticket (id, ticket_row, ticket_status, ticketseat) VALUES (584, 10, false, 15)       ON DUPLICATE KEY UPDATE id = 584;
INSERT INTO biotrio.ticket (id, ticket_row, ticket_status, ticketseat) VALUES (585, 1, false, 7)       ON DUPLICATE KEY UPDATE id = 585;
INSERT INTO biotrio.ticket (id, ticket_row, ticket_status, ticketseat) VALUES (586, 1, false, 6)       ON DUPLICATE KEY UPDATE id = 586;
INSERT INTO biotrio.ticket (id, ticket_row, ticket_status, ticketseat) VALUES (587, 5, false, 3)       ON DUPLICATE KEY UPDATE id = 587;
INSERT INTO biotrio.ticket (id, ticket_row, ticket_status, ticketseat) VALUES (588, 9, false, 5)       ON DUPLICATE KEY UPDATE id = 588;
INSERT INTO biotrio.ticket (id, ticket_row, ticket_status, ticketseat) VALUES (589, 9, false, 17)       ON DUPLICATE KEY UPDATE id = 589;
INSERT INTO biotrio.ticket (id, ticket_row, ticket_status, ticketseat) VALUES (590, 14, false, 3)       ON DUPLICATE KEY UPDATE id = 590;
INSERT INTO biotrio.ticket (id, ticket_row, ticket_status, ticketseat) VALUES (591, 4, false, 6)       ON DUPLICATE KEY UPDATE id = 591;
INSERT INTO biotrio.ticket (id, ticket_row, ticket_status, ticketseat) VALUES (592, 9, false, 10)       ON DUPLICATE KEY UPDATE id = 592;
INSERT INTO biotrio.ticket (id, ticket_row, ticket_status, ticketseat) VALUES (593, 7, false, 18)       ON DUPLICATE KEY UPDATE id = 593;
INSERT INTO biotrio.ticket (id, ticket_row, ticket_status, ticketseat) VALUES (594, 3, false, 18)       ON DUPLICATE KEY UPDATE id = 594;
INSERT INTO biotrio.ticket (id, ticket_row, ticket_status, ticketseat) VALUES (595, 12, false, 1)       ON DUPLICATE KEY UPDATE id = 595;
INSERT INTO biotrio.ticket (id, ticket_row, ticket_status, ticketseat) VALUES (596, 4, false, 20)       ON DUPLICATE KEY UPDATE id = 596;
INSERT INTO biotrio.ticket (id, ticket_row, ticket_status, ticketseat) VALUES (597, 10, false, 20)       ON DUPLICATE KEY UPDATE id = 597;
INSERT INTO biotrio.ticket (id, ticket_row, ticket_status, ticketseat) VALUES (598, 7, false, 4)       ON DUPLICATE KEY UPDATE id = 598;
INSERT INTO biotrio.ticket (id, ticket_row, ticket_status, ticketseat) VALUES (599, 7, false, 17)       ON DUPLICATE KEY UPDATE id = 599;
INSERT INTO biotrio.ticket (id, ticket_row, ticket_status, ticketseat) VALUES (600, 5, false, 17)       ON DUPLICATE KEY UPDATE id = 600;
INSERT INTO biotrio.ticket (id, ticket_row, ticket_status, ticketseat) VALUES (601, 14, false, 8)       ON DUPLICATE KEY UPDATE id = 601;
INSERT INTO biotrio.ticket (id, ticket_row, ticket_status, ticketseat) VALUES (602, 11, false, 16)       ON DUPLICATE KEY UPDATE id = 602;
INSERT INTO biotrio.ticket (id, ticket_row, ticket_status, ticketseat) VALUES (603, 4, false, 15)       ON DUPLICATE KEY UPDATE id = 603;
INSERT INTO biotrio.ticket (id, ticket_row, ticket_status, ticketseat) VALUES (604, 11, false, 8)       ON DUPLICATE KEY UPDATE id = 604;
INSERT INTO biotrio.ticket (id, ticket_row, ticket_status, ticketseat) VALUES (605, 13, false, 3)       ON DUPLICATE KEY UPDATE id = 605;
INSERT INTO biotrio.ticket (id, ticket_row, ticket_status, ticketseat) VALUES (606, 2, false, 13)       ON DUPLICATE KEY UPDATE id = 606;
INSERT INTO biotrio.ticket (id, ticket_row, ticket_status, ticketseat) VALUES (607, 2, false, 3)       ON DUPLICATE KEY UPDATE id = 607;
INSERT INTO biotrio.ticket (id, ticket_row, ticket_status, ticketseat) VALUES (608, 14, false, 10)       ON DUPLICATE KEY UPDATE id = 608;
INSERT INTO biotrio.ticket (id, ticket_row, ticket_status, ticketseat) VALUES (609, 4, false, 11)       ON DUPLICATE KEY UPDATE id = 609;
INSERT INTO biotrio.ticket (id, ticket_row, ticket_status, ticketseat) VALUES (610, 10, false, 11)       ON DUPLICATE KEY UPDATE id = 610;
INSERT INTO biotrio.ticket (id, ticket_row, ticket_status, ticketseat) VALUES (611, 4, false, 18)       ON DUPLICATE KEY UPDATE id = 611;
INSERT INTO biotrio.ticket (id, ticket_row, ticket_status, ticketseat) VALUES (612, 4, false, 19)       ON DUPLICATE KEY UPDATE id = 612;
INSERT INTO biotrio.ticket (id, ticket_row, ticket_status, ticketseat) VALUES (613, 13, false, 17)       ON DUPLICATE KEY UPDATE id = 613;
INSERT INTO biotrio.ticket (id, ticket_row, ticket_status, ticketseat) VALUES (614, 1, false, 12)       ON DUPLICATE KEY UPDATE id = 614;
INSERT INTO biotrio.ticket (id, ticket_row, ticket_status, ticketseat) VALUES (615, 10, false, 10)       ON DUPLICATE KEY UPDATE id = 615;
INSERT INTO biotrio.ticket (id, ticket_row, ticket_status, ticketseat) VALUES (616, 10, false, 1)       ON DUPLICATE KEY UPDATE id = 616;
INSERT INTO biotrio.ticket (id, ticket_row, ticket_status, ticketseat) VALUES (617, 12, false, 8)       ON DUPLICATE KEY UPDATE id = 617;
INSERT INTO biotrio.ticket (id, ticket_row, ticket_status, ticketseat) VALUES (618, 13, false, 14)       ON DUPLICATE KEY UPDATE id = 618;
INSERT INTO biotrio.ticket (id, ticket_row, ticket_status, ticketseat) VALUES (619, 11, false, 11)       ON DUPLICATE KEY UPDATE id = 619;
INSERT INTO biotrio.ticket (id, ticket_row, ticket_status, ticketseat) VALUES (620, 9, false, 7)       ON DUPLICATE KEY UPDATE id = 620;
INSERT INTO biotrio.ticket (id, ticket_row, ticket_status, ticketseat) VALUES (621, 12, false, 18)       ON DUPLICATE KEY UPDATE id = 621;
INSERT INTO biotrio.ticket (id, ticket_row, ticket_status, ticketseat) VALUES (622, 1, false, 8)       ON DUPLICATE KEY UPDATE id = 622;
INSERT INTO biotrio.ticket (id, ticket_row, ticket_status, ticketseat) VALUES (623, 5, false, 13)       ON DUPLICATE KEY UPDATE id = 623;
INSERT INTO biotrio.ticket (id, ticket_row, ticket_status, ticketseat) VALUES (624, 4, false, 1)       ON DUPLICATE KEY UPDATE id = 624;
INSERT INTO biotrio.ticket (id, ticket_row, ticket_status, ticketseat) VALUES (625, 3, false, 5)       ON DUPLICATE KEY UPDATE id = 625;
INSERT INTO biotrio.ticket (id, ticket_row, ticket_status, ticketseat) VALUES (626, 14, false, 2)       ON DUPLICATE KEY UPDATE id = 626;
INSERT INTO biotrio.ticket (id, ticket_row, ticket_status, ticketseat) VALUES (627, 8, false, 15)       ON DUPLICATE KEY UPDATE id = 627;
INSERT INTO biotrio.ticket (id, ticket_row, ticket_status, ticketseat) VALUES (628, 10, false, 14)       ON DUPLICATE KEY UPDATE id = 628;
INSERT INTO biotrio.ticket (id, ticket_row, ticket_status, ticketseat) VALUES (629, 7, false, 13)       ON DUPLICATE KEY UPDATE id = 629;
INSERT INTO biotrio.ticket (id, ticket_row, ticket_status, ticketseat) VALUES (630, 1, false, 11)       ON DUPLICATE KEY UPDATE id = 630;
INSERT INTO biotrio.ticket (id, ticket_row, ticket_status, ticketseat) VALUES (631, 1, false, 16)       ON DUPLICATE KEY UPDATE id = 631;
INSERT INTO biotrio.ticket (id, ticket_row, ticket_status, ticketseat) VALUES (632, 13, false, 7)       ON DUPLICATE KEY UPDATE id = 632;
INSERT INTO biotrio.ticket (id, ticket_row, ticket_status, ticketseat) VALUES (633, 12, false, 12)       ON DUPLICATE KEY UPDATE id = 633;
INSERT INTO biotrio.ticket (id, ticket_row, ticket_status, ticketseat) VALUES (634, 5, false, 6)       ON DUPLICATE KEY UPDATE id = 634;
INSERT INTO biotrio.ticket (id, ticket_row, ticket_status, ticketseat) VALUES (635, 5, false, 12)       ON DUPLICATE KEY UPDATE id = 635;
INSERT INTO biotrio.ticket (id, ticket_row, ticket_status, ticketseat) VALUES (636, 8, false, 11)       ON DUPLICATE KEY UPDATE id = 636;
INSERT INTO biotrio.ticket (id, ticket_row, ticket_status, ticketseat) VALUES (637, 9, false, 12)       ON DUPLICATE KEY UPDATE id = 637;
INSERT INTO biotrio.ticket (id, ticket_row, ticket_status, ticketseat) VALUES (638, 6, false, 3)       ON DUPLICATE KEY UPDATE id = 638;
INSERT INTO biotrio.ticket (id, ticket_row, ticket_status, ticketseat) VALUES (639, 8, false, 9)       ON DUPLICATE KEY UPDATE id = 639;
INSERT INTO biotrio.ticket (id, ticket_row, ticket_status, ticketseat) VALUES (640, 3, false, 6)       ON DUPLICATE KEY UPDATE id = 640;
INSERT INTO biotrio.ticket (id, ticket_row, ticket_status, ticketseat) VALUES (641, 12, false, 6)       ON DUPLICATE KEY UPDATE id = 641;
INSERT INTO biotrio.ticket (id, ticket_row, ticket_status, ticketseat) VALUES (642, 12, false, 13)       ON DUPLICATE KEY UPDATE id = 642;
INSERT INTO biotrio.ticket (id, ticket_row, ticket_status, ticketseat) VALUES (643, 14, false, 17)       ON DUPLICATE KEY UPDATE id = 643;
INSERT INTO biotrio.ticket (id, ticket_row, ticket_status, ticketseat) VALUES (644, 3, false, 16)       ON DUPLICATE KEY UPDATE id = 644;
INSERT INTO biotrio.ticket (id, ticket_row, ticket_status, ticketseat) VALUES (645, 1, false, 1)       ON DUPLICATE KEY UPDATE id = 645;
INSERT INTO biotrio.ticket (id, ticket_row, ticket_status, ticketseat) VALUES (646, 9, false, 19)       ON DUPLICATE KEY UPDATE id = 646;
INSERT INTO biotrio.ticket (id, ticket_row, ticket_status, ticketseat) VALUES (647, 6, false, 4)       ON DUPLICATE KEY UPDATE id = 647;
INSERT INTO biotrio.ticket (id, ticket_row, ticket_status, ticketseat) VALUES (648, 10, false, 5)       ON DUPLICATE KEY UPDATE id = 648;
INSERT INTO biotrio.ticket (id, ticket_row, ticket_status, ticketseat) VALUES (649, 8, false, 19)       ON DUPLICATE KEY UPDATE id = 649;
INSERT INTO biotrio.ticket (id, ticket_row, ticket_status, ticketseat) VALUES (650, 12, false, 10)       ON DUPLICATE KEY UPDATE id = 650;
INSERT INTO biotrio.ticket (id, ticket_row, ticket_status, ticketseat) VALUES (651, 10, false, 9)       ON DUPLICATE KEY UPDATE id = 651;
INSERT INTO biotrio.ticket (id, ticket_row, ticket_status, ticketseat) VALUES (652, 14, false, 19)       ON DUPLICATE KEY UPDATE id = 652;
INSERT INTO biotrio.ticket (id, ticket_row, ticket_status, ticketseat) VALUES (653, 13, false, 12)       ON DUPLICATE KEY UPDATE id = 653;
INSERT INTO biotrio.ticket (id, ticket_row, ticket_status, ticketseat) VALUES (654, 14, false, 18)       ON DUPLICATE KEY UPDATE id = 654;
INSERT INTO biotrio.ticket (id, ticket_row, ticket_status, ticketseat) VALUES (655, 3, false, 10)       ON DUPLICATE KEY UPDATE id = 655;
INSERT INTO biotrio.ticket (id, ticket_row, ticket_status, ticketseat) VALUES (656, 6, false, 10)       ON DUPLICATE KEY UPDATE id = 656;
INSERT INTO biotrio.ticket (id, ticket_row, ticket_status, ticketseat) VALUES (657, 12, false, 11)       ON DUPLICATE KEY UPDATE id = 657;
INSERT INTO biotrio.ticket (id, ticket_row, ticket_status, ticketseat) VALUES (658, 7, false, 2)       ON DUPLICATE KEY UPDATE id = 658;
INSERT INTO biotrio.ticket (id, ticket_row, ticket_status, ticketseat) VALUES (659, 9, false, 15)       ON DUPLICATE KEY UPDATE id = 659;
INSERT INTO biotrio.ticket (id, ticket_row, ticket_status, ticketseat) VALUES (660, 7, false, 14)       ON DUPLICATE KEY UPDATE id = 660;
INSERT INTO biotrio.ticket (id, ticket_row, ticket_status, ticketseat) VALUES (661, 3, false, 11)       ON DUPLICATE KEY UPDATE id = 661;
INSERT INTO biotrio.ticket (id, ticket_row, ticket_status, ticketseat) VALUES (662, 11, false, 18)       ON DUPLICATE KEY UPDATE id = 662;
INSERT INTO biotrio.ticket (id, ticket_row, ticket_status, ticketseat) VALUES (663, 12, false, 14)       ON DUPLICATE KEY UPDATE id = 663;
INSERT INTO biotrio.ticket (id, ticket_row, ticket_status, ticketseat) VALUES (664, 5, false, 1)       ON DUPLICATE KEY UPDATE id = 664;
INSERT INTO biotrio.ticket (id, ticket_row, ticket_status, ticketseat) VALUES (665, 13, false, 9)       ON DUPLICATE KEY UPDATE id = 665;
INSERT INTO biotrio.ticket (id, ticket_row, ticket_status, ticketseat) VALUES (666, 1, false, 13)       ON DUPLICATE KEY UPDATE id = 666;
INSERT INTO biotrio.ticket (id, ticket_row, ticket_status, ticketseat) VALUES (667, 11, false, 14)       ON DUPLICATE KEY UPDATE id = 667;
INSERT INTO biotrio.ticket (id, ticket_row, ticket_status, ticketseat) VALUES (668, 7, false, 1)       ON DUPLICATE KEY UPDATE id = 668;
INSERT INTO biotrio.ticket (id, ticket_row, ticket_status, ticketseat) VALUES (669, 11, false, 3)       ON DUPLICATE KEY UPDATE id = 669;
INSERT INTO biotrio.ticket (id, ticket_row, ticket_status, ticketseat) VALUES (670, 4, false, 12)       ON DUPLICATE KEY UPDATE id = 670;
INSERT INTO biotrio.ticket (id, ticket_row, ticket_status, ticketseat) VALUES (671, 3, false, 17)       ON DUPLICATE KEY UPDATE id = 671;
INSERT INTO biotrio.ticket (id, ticket_row, ticket_status, ticketseat) VALUES (672, 4, false, 3)       ON DUPLICATE KEY UPDATE id = 672;
INSERT INTO biotrio.ticket (id, ticket_row, ticket_status, ticketseat) VALUES (673, 8, false, 18)       ON DUPLICATE KEY UPDATE id = 673;
INSERT INTO biotrio.ticket (id, ticket_row, ticket_status, ticketseat) VALUES (674, 7, false, 10)       ON DUPLICATE KEY UPDATE id = 674;
INSERT INTO biotrio.ticket (id, ticket_row, ticket_status, ticketseat) VALUES (675, 13, false, 19)       ON DUPLICATE KEY UPDATE id = 675;
INSERT INTO biotrio.ticket (id, ticket_row, ticket_status, ticketseat) VALUES (676, 3, false, 8)       ON DUPLICATE KEY UPDATE id = 676;
INSERT INTO biotrio.ticket (id, ticket_row, ticket_status, ticketseat) VALUES (677, 5, false, 10)       ON DUPLICATE KEY UPDATE id = 677;
INSERT INTO biotrio.ticket (id, ticket_row, ticket_status, ticketseat) VALUES (678, 8, false, 13)       ON DUPLICATE KEY UPDATE id = 678;
INSERT INTO biotrio.ticket (id, ticket_row, ticket_status, ticketseat) VALUES (679, 12, false, 7)       ON DUPLICATE KEY UPDATE id = 679;
INSERT INTO biotrio.ticket (id, ticket_row, ticket_status, ticketseat) VALUES (680, 13, false, 13)       ON DUPLICATE KEY UPDATE id = 680;
INSERT INTO biotrio.ticket (id, ticket_row, ticket_status, ticketseat) VALUES (681, 9, false, 20)       ON DUPLICATE KEY UPDATE id = 681;
INSERT INTO biotrio.ticket (id, ticket_row, ticket_status, ticketseat) VALUES (682, 12, false, 9)       ON DUPLICATE KEY UPDATE id = 682;
INSERT INTO biotrio.ticket (id, ticket_row, ticket_status, ticketseat) VALUES (683, 8, false, 14)       ON DUPLICATE KEY UPDATE id = 683;
INSERT INTO biotrio.ticket (id, ticket_row, ticket_status, ticketseat) VALUES (684, 14, false, 14)       ON DUPLICATE KEY UPDATE id = 684;
INSERT INTO biotrio.ticket (id, ticket_row, ticket_status, ticketseat) VALUES (685, 7, false, 9)       ON DUPLICATE KEY UPDATE id = 685;
INSERT INTO biotrio.ticket (id, ticket_row, ticket_status, ticketseat) VALUES (686, 2, false, 1)       ON DUPLICATE KEY UPDATE id = 686;
INSERT INTO biotrio.ticket (id, ticket_row, ticket_status, ticketseat) VALUES (687, 5, false, 19)       ON DUPLICATE KEY UPDATE id = 687;
INSERT INTO biotrio.ticket (id, ticket_row, ticket_status, ticketseat) VALUES (688, 9, false, 9)       ON DUPLICATE KEY UPDATE id = 688;
INSERT INTO biotrio.ticket (id, ticket_row, ticket_status, ticketseat) VALUES (689, 11, false, 1)       ON DUPLICATE KEY UPDATE id = 689;
INSERT INTO biotrio.ticket (id, ticket_row, ticket_status, ticketseat) VALUES (690, 10, false, 6)       ON DUPLICATE KEY UPDATE id = 690;
INSERT INTO biotrio.ticket (id, ticket_row, ticket_status, ticketseat) VALUES (691, 6, false, 16)       ON DUPLICATE KEY UPDATE id = 691;
INSERT INTO biotrio.ticket (id, ticket_row, ticket_status, ticketseat) VALUES (692, 3, false, 4)       ON DUPLICATE KEY UPDATE id = 692;
INSERT INTO biotrio.ticket (id, ticket_row, ticket_status, ticketseat) VALUES (693, 12, false, 2)       ON DUPLICATE KEY UPDATE id = 693;
INSERT INTO biotrio.ticket (id, ticket_row, ticket_status, ticketseat) VALUES (694, 9, false, 4)       ON DUPLICATE KEY UPDATE id = 694;
INSERT INTO biotrio.ticket (id, ticket_row, ticket_status, ticketseat) VALUES (695, 2, false, 9)       ON DUPLICATE KEY UPDATE id = 695;
INSERT INTO biotrio.ticket (id, ticket_row, ticket_status, ticketseat) VALUES (696, 13, false, 1)       ON DUPLICATE KEY UPDATE id = 696;
INSERT INTO biotrio.ticket (id, ticket_row, ticket_status, ticketseat) VALUES (697, 6, false, 15)       ON DUPLICATE KEY UPDATE id = 697;
INSERT INTO biotrio.ticket (id, ticket_row, ticket_status, ticketseat) VALUES (698, 9, false, 3)       ON DUPLICATE KEY UPDATE id = 698;
INSERT INTO biotrio.ticket (id, ticket_row, ticket_status, ticketseat) VALUES (699, 6, false, 20)       ON DUPLICATE KEY UPDATE id = 699;
INSERT INTO biotrio.ticket (id, ticket_row, ticket_status, ticketseat) VALUES (700, 8, false, 17)       ON DUPLICATE KEY UPDATE id = 700;
INSERT INTO biotrio.ticket (id, ticket_row, ticket_status, ticketseat) VALUES (701, 11, false, 10)       ON DUPLICATE KEY UPDATE id = 701;
INSERT INTO biotrio.ticket (id, ticket_row, ticket_status, ticketseat) VALUES (702, 14, false, 15)       ON DUPLICATE KEY UPDATE id = 702;
INSERT INTO biotrio.ticket (id, ticket_row, ticket_status, ticketseat) VALUES (703, 6, false, 19)       ON DUPLICATE KEY UPDATE id = 703;
INSERT INTO biotrio.ticket (id, ticket_row, ticket_status, ticketseat) VALUES (704, 4, false, 5)       ON DUPLICATE KEY UPDATE id = 704;
INSERT INTO biotrio.ticket (id, ticket_row, ticket_status, ticketseat) VALUES (705, 3, false, 3)       ON DUPLICATE KEY UPDATE id = 705;
INSERT INTO biotrio.ticket (id, ticket_row, ticket_status, ticketseat) VALUES (706, 9, false, 8)       ON DUPLICATE KEY UPDATE id = 706;
INSERT INTO biotrio.ticket (id, ticket_row, ticket_status, ticketseat) VALUES (707, 10, false, 16)       ON DUPLICATE KEY UPDATE id = 707;
INSERT INTO biotrio.ticket (id, ticket_row, ticket_status, ticketseat) VALUES (708, 10, false, 18)       ON DUPLICATE KEY UPDATE id = 708;
INSERT INTO biotrio.ticket (id, ticket_row, ticket_status, ticketseat) VALUES (709, 2, false, 16)       ON DUPLICATE KEY UPDATE id = 709;
INSERT INTO biotrio.ticket (id, ticket_row, ticket_status, ticketseat) VALUES (710, 14, false, 11)       ON DUPLICATE KEY UPDATE id = 710;
INSERT INTO biotrio.ticket (id, ticket_row, ticket_status, ticketseat) VALUES (711, 6, false, 11)       ON DUPLICATE KEY UPDATE id = 711;
INSERT INTO biotrio.ticket (id, ticket_row, ticket_status, ticketseat) VALUES (712, 2, false, 11)       ON DUPLICATE KEY UPDATE id = 712;
INSERT INTO biotrio.ticket (id, ticket_row, ticket_status, ticketseat) VALUES (713, 13, false, 6)       ON DUPLICATE KEY UPDATE id = 713;
INSERT INTO biotrio.ticket (id, ticket_row, ticket_status, ticketseat) VALUES (714, 2, false, 10)       ON DUPLICATE KEY UPDATE id = 714;
INSERT INTO biotrio.ticket (id, ticket_row, ticket_status, ticketseat) VALUES (715, 6, false, 14)       ON DUPLICATE KEY UPDATE id = 715;
INSERT INTO biotrio.ticket (id, ticket_row, ticket_status, ticketseat) VALUES (716, 2, false, 5)       ON DUPLICATE KEY UPDATE id = 716;
INSERT INTO biotrio.ticket (id, ticket_row, ticket_status, ticketseat) VALUES (717, 5, false, 11)       ON DUPLICATE KEY UPDATE id = 717;
INSERT INTO biotrio.ticket (id, ticket_row, ticket_status, ticketseat) VALUES (718, 7, false, 8)       ON DUPLICATE KEY UPDATE id = 718;
INSERT INTO biotrio.ticket (id, ticket_row, ticket_status, ticketseat) VALUES (719, 11, false, 7)       ON DUPLICATE KEY UPDATE id = 719;
INSERT INTO biotrio.ticket (id, ticket_row, ticket_status, ticketseat) VALUES (720, 12, false, 16)       ON DUPLICATE KEY UPDATE id = 720;
INSERT INTO biotrio.ticket (id, ticket_row, ticket_status, ticketseat) VALUES (721, 1, false, 18)       ON DUPLICATE KEY UPDATE id = 721;
INSERT INTO biotrio.ticket (id, ticket_row, ticket_status, ticketseat) VALUES (722, 7, false, 7)       ON DUPLICATE KEY UPDATE id = 722;
INSERT INTO biotrio.ticket (id, ticket_row, ticket_status, ticketseat) VALUES (723, 2, false, 18)       ON DUPLICATE KEY UPDATE id = 723;
INSERT INTO biotrio.ticket (id, ticket_row, ticket_status, ticketseat) VALUES (724, 13, false, 11)       ON DUPLICATE KEY UPDATE id = 724;
INSERT INTO biotrio.ticket (id, ticket_row, ticket_status, ticketseat) VALUES (725, 13, false, 2)       ON DUPLICATE KEY UPDATE id = 725;
INSERT INTO biotrio.ticket (id, ticket_row, ticket_status, ticketseat) VALUES (726, 2, false, 12)       ON DUPLICATE KEY UPDATE id = 726;
INSERT INTO biotrio.ticket (id, ticket_row, ticket_status, ticketseat) VALUES (727, 13, false, 15)       ON DUPLICATE KEY UPDATE id = 727;
INSERT INTO biotrio.ticket (id, ticket_row, ticket_status, ticketseat) VALUES (728, 11, false, 13)       ON DUPLICATE KEY UPDATE id = 728;
INSERT INTO biotrio.ticket (id, ticket_row, ticket_status, ticketseat) VALUES (729, 1, false, 20)       ON DUPLICATE KEY UPDATE id = 729;
INSERT INTO biotrio.ticket (id, ticket_row, ticket_status, ticketseat) VALUES (730, 13, false, 20)       ON DUPLICATE KEY UPDATE id = 730;
INSERT INTO biotrio.ticket (id, ticket_row, ticket_status, ticketseat) VALUES (731, 2, false, 14)       ON DUPLICATE KEY UPDATE id = 731;
INSERT INTO biotrio.ticket (id, ticket_row, ticket_status, ticketseat) VALUES (732, 11, false, 17)       ON DUPLICATE KEY UPDATE id = 732;
INSERT INTO biotrio.ticket (id, ticket_row, ticket_status, ticketseat) VALUES (733, 10, false, 7)       ON DUPLICATE KEY UPDATE id = 733;
INSERT INTO biotrio.ticket (id, ticket_row, ticket_status, ticketseat) VALUES (734, 1, false, 15)       ON DUPLICATE KEY UPDATE id = 734;
INSERT INTO biotrio.ticket (id, ticket_row, ticket_status, ticketseat) VALUES (735, 13, false, 18)       ON DUPLICATE KEY UPDATE id = 735;
INSERT INTO biotrio.ticket (id, ticket_row, ticket_status, ticketseat) VALUES (736, 7, false, 3)       ON DUPLICATE KEY UPDATE id = 736;
INSERT INTO biotrio.ticket (id, ticket_row, ticket_status, ticketseat) VALUES (737, 14, false, 13)       ON DUPLICATE KEY UPDATE id = 737;
INSERT INTO biotrio.ticket (id, ticket_row, ticket_status, ticketseat) VALUES (738, 2, false, 19)       ON DUPLICATE KEY UPDATE id = 738;
INSERT INTO biotrio.ticket (id, ticket_row, ticket_status, ticketseat) VALUES (739, 8, false, 16)       ON DUPLICATE KEY UPDATE id = 739;
INSERT INTO biotrio.ticket (id, ticket_row, ticket_status, ticketseat) VALUES (740, 1, false, 3)       ON DUPLICATE KEY UPDATE id = 740;
INSERT INTO biotrio.ticket (id, ticket_row, ticket_status, ticketseat) VALUES (741, 13, false, 5)       ON DUPLICATE KEY UPDATE id = 741;
INSERT INTO biotrio.ticket (id, ticket_row, ticket_status, ticketseat) VALUES (742, 8, false, 7)       ON DUPLICATE KEY UPDATE id = 742;
INSERT INTO biotrio.ticket (id, ticket_row, ticket_status, ticketseat) VALUES (743, 11, false, 9)       ON DUPLICATE KEY UPDATE id = 743;
INSERT INTO biotrio.ticket (id, ticket_row, ticket_status, ticketseat) VALUES (744, 10, false, 4)       ON DUPLICATE KEY UPDATE id = 744;
INSERT INTO biotrio.ticket (id, ticket_row, ticket_status, ticketseat) VALUES (745, 6, false, 2)       ON DUPLICATE KEY UPDATE id = 745;
INSERT INTO biotrio.ticket (id, ticket_row, ticket_status, ticketseat) VALUES (746, 2, false, 17)       ON DUPLICATE KEY UPDATE id = 746;
INSERT INTO biotrio.ticket (id, ticket_row, ticket_status, ticketseat) VALUES (747, 7, false, 16)       ON DUPLICATE KEY UPDATE id = 747;
INSERT INTO biotrio.ticket (id, ticket_row, ticket_status, ticketseat) VALUES (748, 10, false, 12)       ON DUPLICATE KEY UPDATE id = 748;
INSERT INTO biotrio.ticket (id, ticket_row, ticket_status, ticketseat) VALUES (749, 5, false, 2)       ON DUPLICATE KEY UPDATE id = 749;
INSERT INTO biotrio.ticket (id, ticket_row, ticket_status, ticketseat) VALUES (750, 13, false, 4)       ON DUPLICATE KEY UPDATE id = 750;
INSERT INTO biotrio.ticket (id, ticket_row, ticket_status, ticketseat) VALUES (751, 5, false, 4)       ON DUPLICATE KEY UPDATE id = 751;
INSERT INTO biotrio.ticket (id, ticket_row, ticket_status, ticketseat) VALUES (752, 6, false, 8)       ON DUPLICATE KEY UPDATE id = 752;
INSERT INTO biotrio.ticket (id, ticket_row, ticket_status, ticketseat) VALUES (753, 8, false, 6)       ON DUPLICATE KEY UPDATE id = 753;
INSERT INTO biotrio.ticket (id, ticket_row, ticket_status, ticketseat) VALUES (754, 6, false, 17)       ON DUPLICATE KEY UPDATE id = 754;
INSERT INTO biotrio.ticket (id, ticket_row, ticket_status, ticketseat) VALUES (755, 8, false, 5)       ON DUPLICATE KEY UPDATE id = 755;
INSERT INTO biotrio.ticket (id, ticket_row, ticket_status, ticketseat) VALUES (756, 7, false, 20)       ON DUPLICATE KEY UPDATE id = 756;
INSERT INTO biotrio.ticket (id, ticket_row, ticket_status, ticketseat) VALUES (757, 1, false, 10)       ON DUPLICATE KEY UPDATE id = 757;
INSERT INTO biotrio.ticket (id, ticket_row, ticket_status, ticketseat) VALUES (758, 5, false, 18)       ON DUPLICATE KEY UPDATE id = 758;
INSERT INTO biotrio.ticket (id, ticket_row, ticket_status, ticketseat) VALUES (759, 9, false, 13)       ON DUPLICATE KEY UPDATE id = 759;
INSERT INTO biotrio.ticket (id, ticket_row, ticket_status, ticketseat) VALUES (760, 9, false, 11)       ON DUPLICATE KEY UPDATE id = 760;
INSERT INTO biotrio.ticket (id, ticket_row, ticket_status, ticketseat) VALUES (761, 5, false, 14)       ON DUPLICATE KEY UPDATE id = 761;
INSERT INTO biotrio.ticket (id, ticket_row, ticket_status, ticketseat) VALUES (762, 13, false, 8)       ON DUPLICATE KEY UPDATE id = 762;
INSERT INTO biotrio.ticket (id, ticket_row, ticket_status, ticketseat) VALUES (763, 1, false, 4)       ON DUPLICATE KEY UPDATE id = 763;
INSERT INTO biotrio.ticket (id, ticket_row, ticket_status, ticketseat) VALUES (764, 7, false, 6)       ON DUPLICATE KEY UPDATE id = 764;
INSERT INTO biotrio.ticket (id, ticket_row, ticket_status, ticketseat) VALUES (765, 11, false, 15)       ON DUPLICATE KEY UPDATE id = 765;
INSERT INTO biotrio.ticket (id, ticket_row, ticket_status, ticketseat) VALUES (766, 11, false, 6)       ON DUPLICATE KEY UPDATE id = 766;
INSERT INTO biotrio.ticket (id, ticket_row, ticket_status, ticketseat) VALUES (767, 5, false, 9)       ON DUPLICATE KEY UPDATE id = 767;
INSERT INTO biotrio.ticket (id, ticket_row, ticket_status, ticketseat) VALUES (768, 5, false, 5)       ON DUPLICATE KEY UPDATE id = 768;
INSERT INTO biotrio.ticket (id, ticket_row, ticket_status, ticketseat) VALUES (769, 1, false, 2)       ON DUPLICATE KEY UPDATE id = 769;
INSERT INTO biotrio.ticket (id, ticket_row, ticket_status, ticketseat) VALUES (770, 3, false, 7)       ON DUPLICATE KEY UPDATE id = 770;
INSERT INTO biotrio.ticket (id, ticket_row, ticket_status, ticketseat) VALUES (771, 1, false, 14)       ON DUPLICATE KEY UPDATE id = 771;
INSERT INTO biotrio.ticket (id, ticket_row, ticket_status, ticketseat) VALUES (772, 7, false, 11)       ON DUPLICATE KEY UPDATE id = 772;
INSERT INTO biotrio.ticket (id, ticket_row, ticket_status, ticketseat) VALUES (773, 4, false, 7)       ON DUPLICATE KEY UPDATE id = 773;
INSERT INTO biotrio.ticket (id, ticket_row, ticket_status, ticketseat) VALUES (774, 13, false, 16)       ON DUPLICATE KEY UPDATE id = 774;
INSERT INTO biotrio.ticket (id, ticket_row, ticket_status, ticketseat) VALUES (775, 4, false, 14)       ON DUPLICATE KEY UPDATE id = 775;
INSERT INTO biotrio.ticket (id, ticket_row, ticket_status, ticketseat) VALUES (776, 11, false, 4)       ON DUPLICATE KEY UPDATE id = 776;
INSERT INTO biotrio.ticket (id, ticket_row, ticket_status, ticketseat) VALUES (777, 7, false, 15)       ON DUPLICATE KEY UPDATE id = 777;
INSERT INTO biotrio.ticket (id, ticket_row, ticket_status, ticketseat) VALUES (778, 1, false, 19)       ON DUPLICATE KEY UPDATE id = 778;
INSERT INTO biotrio.ticket (id, ticket_row, ticket_status, ticketseat) VALUES (779, 6, false, 9)       ON DUPLICATE KEY UPDATE id = 779;
INSERT INTO biotrio.ticket (id, ticket_row, ticket_status, ticketseat) VALUES (780, 2, false, 15)       ON DUPLICATE KEY UPDATE id = 780;
INSERT INTO biotrio.ticket (id, ticket_row, ticket_status, ticketseat) VALUES (781, 8, false, 2)       ON DUPLICATE KEY UPDATE id = 781;
INSERT INTO biotrio.ticket (id, ticket_row, ticket_status, ticketseat) VALUES (782, 14, false, 5)       ON DUPLICATE KEY UPDATE id = 782;
INSERT INTO biotrio.ticket (id, ticket_row, ticket_status, ticketseat) VALUES (783, 3, false, 9)       ON DUPLICATE KEY UPDATE id = 783;
INSERT INTO biotrio.ticket (id, ticket_row, ticket_status, ticketseat) VALUES (784, 1, false, 17)       ON DUPLICATE KEY UPDATE id = 784;
INSERT INTO biotrio.ticket (id, ticket_row, ticket_status, ticketseat) VALUES (785, 3, false, 15)       ON DUPLICATE KEY UPDATE id = 785;
INSERT INTO biotrio.ticket (id, ticket_row, ticket_status, ticketseat) VALUES (786, 6, false, 13)       ON DUPLICATE KEY UPDATE id = 786;
INSERT INTO biotrio.ticket (id, ticket_row, ticket_status, ticketseat) VALUES (787, 3, false, 2)       ON DUPLICATE KEY UPDATE id = 787;
INSERT INTO biotrio.ticket (id, ticket_row, ticket_status, ticketseat) VALUES (788, 3, false, 19)       ON DUPLICATE KEY UPDATE id = 788;
INSERT INTO biotrio.ticket (id, ticket_row, ticket_status, ticketseat) VALUES (789, 6, false, 1)       ON DUPLICATE KEY UPDATE id = 789;
INSERT INTO biotrio.ticket (id, ticket_row, ticket_status, ticketseat) VALUES (790, 11, false, 2)       ON DUPLICATE KEY UPDATE id = 790;
INSERT INTO biotrio.ticket (id, ticket_row, ticket_status, ticketseat) VALUES (791, 2, false, 8)       ON DUPLICATE KEY UPDATE id = 791;
INSERT INTO biotrio.ticket (id, ticket_row, ticket_status, ticketseat) VALUES (792, 11, false, 5)       ON DUPLICATE KEY UPDATE id = 792;
INSERT INTO biotrio.ticket (id, ticket_row, ticket_status, ticketseat) VALUES (793, 2, false, 20)       ON DUPLICATE KEY UPDATE id = 793;
INSERT INTO biotrio.ticket (id, ticket_row, ticket_status, ticketseat) VALUES (794, 12, false, 3)       ON DUPLICATE KEY UPDATE id = 794;
INSERT INTO biotrio.ticket (id, ticket_row, ticket_status, ticketseat) VALUES (795, 8, false, 8)       ON DUPLICATE KEY UPDATE id = 795;
INSERT INTO biotrio.ticket (id, ticket_row, ticket_status, ticketseat) VALUES (796, 8, false, 10)       ON DUPLICATE KEY UPDATE id = 796;
INSERT INTO biotrio.ticket (id, ticket_row, ticket_status, ticketseat) VALUES (797, 5, false, 15)       ON DUPLICATE KEY UPDATE id = 797;
INSERT INTO biotrio.ticket (id, ticket_row, ticket_status, ticketseat) VALUES (798, 14, false, 6)       ON DUPLICATE KEY UPDATE id = 798;
INSERT INTO biotrio.ticket (id, ticket_row, ticket_status, ticketseat) VALUES (799, 10, false, 2)       ON DUPLICATE KEY UPDATE id = 799;
INSERT INTO biotrio.ticket (id, ticket_row, ticket_status, ticketseat) VALUES (800, 8, false, 4)       ON DUPLICATE KEY UPDATE id = 800;
INSERT INTO biotrio.ticket (id, ticket_row, ticket_status, ticketseat) VALUES (801, 6, false, 5)       ON DUPLICATE KEY UPDATE id = 801;
INSERT INTO biotrio.ticket (id, ticket_row, ticket_status, ticketseat) VALUES (802, 12, false, 17)       ON DUPLICATE KEY UPDATE id = 802;
INSERT INTO biotrio.ticket (id, ticket_row, ticket_status, ticketseat) VALUES (803, 5, false, 7)       ON DUPLICATE KEY UPDATE id = 803;
INSERT INTO biotrio.ticket (id, ticket_row, ticket_status, ticketseat) VALUES (804, 4, false, 17)       ON DUPLICATE KEY UPDATE id = 804;
INSERT INTO biotrio.ticket (id, ticket_row, ticket_status, ticketseat) VALUES (805, 9, false, 16)       ON DUPLICATE KEY UPDATE id = 805;
INSERT INTO biotrio.ticket (id, ticket_row, ticket_status, ticketseat) VALUES (806, 12, false, 20)       ON DUPLICATE KEY UPDATE id = 806;
INSERT INTO biotrio.ticket (id, ticket_row, ticket_status, ticketseat) VALUES (807, 2, false, 7)       ON DUPLICATE KEY UPDATE id = 807;
INSERT INTO biotrio.ticket (id, ticket_row, ticket_status, ticketseat) VALUES (808, 12, false, 15)       ON DUPLICATE KEY UPDATE id = 808;


-- Assigning tickets to screenings
INSERT INTO biotrio.screening_tickets (screening_id, tickets_id) VALUES (1, 1)        on duplicate key update tickets_id = 1;
INSERT INTO biotrio.screening_tickets (screening_id, tickets_id) VALUES (1, 2)        on duplicate key update tickets_id = 2;
INSERT INTO biotrio.screening_tickets (screening_id, tickets_id) VALUES (1, 3)        on duplicate key update tickets_id = 3;
INSERT INTO biotrio.screening_tickets (screening_id, tickets_id) VALUES (1, 4)        on duplicate key update tickets_id = 4;
INSERT INTO biotrio.screening_tickets (screening_id, tickets_id) VALUES (1, 5)        on duplicate key update tickets_id = 5;
INSERT INTO biotrio.screening_tickets (screening_id, tickets_id) VALUES (1, 6)        on duplicate key update tickets_id = 6;
INSERT INTO biotrio.screening_tickets (screening_id, tickets_id) VALUES (1, 7)        on duplicate key update tickets_id = 7;
INSERT INTO biotrio.screening_tickets (screening_id, tickets_id) VALUES (1, 8)        on duplicate key update tickets_id = 8;
INSERT INTO biotrio.screening_tickets (screening_id, tickets_id) VALUES (1, 9)        on duplicate key update tickets_id = 9;
INSERT INTO biotrio.screening_tickets (screening_id, tickets_id) VALUES (1, 10)       on duplicate key update tickets_id = 10;
INSERT INTO biotrio.screening_tickets (screening_id, tickets_id) VALUES (1, 11)       on duplicate key update tickets_id = 11;
INSERT INTO biotrio.screening_tickets (screening_id, tickets_id) VALUES (1, 12)       on duplicate key update tickets_id = 12;
INSERT INTO biotrio.screening_tickets (screening_id, tickets_id) VALUES (1, 13)       on duplicate key update tickets_id = 13;
INSERT INTO biotrio.screening_tickets (screening_id, tickets_id) VALUES (1, 14)       on duplicate key update tickets_id = 14;
INSERT INTO biotrio.screening_tickets (screening_id, tickets_id) VALUES (1, 15)       on duplicate key update tickets_id = 15;
INSERT INTO biotrio.screening_tickets (screening_id, tickets_id) VALUES (1, 16)       on duplicate key update tickets_id = 16;
INSERT INTO biotrio.screening_tickets (screening_id, tickets_id) VALUES (1, 17)       on duplicate key update tickets_id = 17;
INSERT INTO biotrio.screening_tickets (screening_id, tickets_id) VALUES (1, 18)       on duplicate key update tickets_id = 18;
INSERT INTO biotrio.screening_tickets (screening_id, tickets_id) VALUES (1, 19)       on duplicate key update tickets_id = 19;
INSERT INTO biotrio.screening_tickets (screening_id, tickets_id) VALUES (1, 20)       on duplicate key update tickets_id = 20;
INSERT INTO biotrio.screening_tickets (screening_id, tickets_id) VALUES (1, 21)       on duplicate key update tickets_id = 21;
INSERT INTO biotrio.screening_tickets (screening_id, tickets_id) VALUES (1, 22)       on duplicate key update tickets_id = 22;
INSERT INTO biotrio.screening_tickets (screening_id, tickets_id) VALUES (1, 23)       on duplicate key update tickets_id = 23;
INSERT INTO biotrio.screening_tickets (screening_id, tickets_id) VALUES (1, 24)       on duplicate key update tickets_id = 24;
INSERT INTO biotrio.screening_tickets (screening_id, tickets_id) VALUES (1, 25)       on duplicate key update tickets_id = 25;
INSERT INTO biotrio.screening_tickets (screening_id, tickets_id) VALUES (1, 26)       on duplicate key update tickets_id = 26;
INSERT INTO biotrio.screening_tickets (screening_id, tickets_id) VALUES (1, 27)       on duplicate key update tickets_id = 27;
INSERT INTO biotrio.screening_tickets (screening_id, tickets_id) VALUES (1, 28)       on duplicate key update tickets_id = 28;
INSERT INTO biotrio.screening_tickets (screening_id, tickets_id) VALUES (1, 29)       on duplicate key update tickets_id = 29;
INSERT INTO biotrio.screening_tickets (screening_id, tickets_id) VALUES (1, 30)       on duplicate key update tickets_id = 30;
INSERT INTO biotrio.screening_tickets (screening_id, tickets_id) VALUES (1, 31)       on duplicate key update tickets_id = 31;
INSERT INTO biotrio.screening_tickets (screening_id, tickets_id) VALUES (1, 32)       on duplicate key update tickets_id = 32;
INSERT INTO biotrio.screening_tickets (screening_id, tickets_id) VALUES (1, 33)       on duplicate key update tickets_id = 33;
INSERT INTO biotrio.screening_tickets (screening_id, tickets_id) VALUES (1, 34)       on duplicate key update tickets_id = 34;
INSERT INTO biotrio.screening_tickets (screening_id, tickets_id) VALUES (1, 35)       on duplicate key update tickets_id = 35;
INSERT INTO biotrio.screening_tickets (screening_id, tickets_id) VALUES (1, 36)       on duplicate key update tickets_id = 36;
INSERT INTO biotrio.screening_tickets (screening_id, tickets_id) VALUES (1, 37)       on duplicate key update tickets_id = 37;
INSERT INTO biotrio.screening_tickets (screening_id, tickets_id) VALUES (1, 38)       on duplicate key update tickets_id = 38;
INSERT INTO biotrio.screening_tickets (screening_id, tickets_id) VALUES (1, 39)       on duplicate key update tickets_id = 39;
INSERT INTO biotrio.screening_tickets (screening_id, tickets_id) VALUES (1, 40)       on duplicate key update tickets_id = 40;
INSERT INTO biotrio.screening_tickets (screening_id, tickets_id) VALUES (1, 41)       on duplicate key update tickets_id = 41;
INSERT INTO biotrio.screening_tickets (screening_id, tickets_id) VALUES (1, 42)       on duplicate key update tickets_id = 42;
INSERT INTO biotrio.screening_tickets (screening_id, tickets_id) VALUES (1, 43)       on duplicate key update tickets_id = 43;
INSERT INTO biotrio.screening_tickets (screening_id, tickets_id) VALUES (1, 44)       on duplicate key update tickets_id = 44;
INSERT INTO biotrio.screening_tickets (screening_id, tickets_id) VALUES (1, 45)       on duplicate key update tickets_id = 45;
INSERT INTO biotrio.screening_tickets (screening_id, tickets_id) VALUES (1, 46)       on duplicate key update tickets_id = 46;
INSERT INTO biotrio.screening_tickets (screening_id, tickets_id) VALUES (1, 47)       on duplicate key update tickets_id = 47;
INSERT INTO biotrio.screening_tickets (screening_id, tickets_id) VALUES (1, 48)       on duplicate key update tickets_id = 48;
INSERT INTO biotrio.screening_tickets (screening_id, tickets_id) VALUES (2, 49)       on duplicate key update tickets_id = 49;
INSERT INTO biotrio.screening_tickets (screening_id, tickets_id) VALUES (2, 50)       on duplicate key update tickets_id = 50;
INSERT INTO biotrio.screening_tickets (screening_id, tickets_id) VALUES (2, 51)       on duplicate key update tickets_id = 51;
INSERT INTO biotrio.screening_tickets (screening_id, tickets_id) VALUES (2, 52)       on duplicate key update tickets_id = 52;
INSERT INTO biotrio.screening_tickets (screening_id, tickets_id) VALUES (2, 53)       on duplicate key update tickets_id = 53;
INSERT INTO biotrio.screening_tickets (screening_id, tickets_id) VALUES (2, 54)       on duplicate key update tickets_id = 54;
INSERT INTO biotrio.screening_tickets (screening_id, tickets_id) VALUES (2, 55)       on duplicate key update tickets_id = 55;
INSERT INTO biotrio.screening_tickets (screening_id, tickets_id) VALUES (2, 56)       on duplicate key update tickets_id = 56;
INSERT INTO biotrio.screening_tickets (screening_id, tickets_id) VALUES (2, 57)       on duplicate key update tickets_id = 57;
INSERT INTO biotrio.screening_tickets (screening_id, tickets_id) VALUES (2, 58)       on duplicate key update tickets_id = 58;
INSERT INTO biotrio.screening_tickets (screening_id, tickets_id) VALUES (2, 59)       on duplicate key update tickets_id = 59;
INSERT INTO biotrio.screening_tickets (screening_id, tickets_id) VALUES (2, 60)       on duplicate key update tickets_id = 60;
INSERT INTO biotrio.screening_tickets (screening_id, tickets_id) VALUES (2, 61)       on duplicate key update tickets_id = 61;
INSERT INTO biotrio.screening_tickets (screening_id, tickets_id) VALUES (2, 62)       on duplicate key update tickets_id = 62;
INSERT INTO biotrio.screening_tickets (screening_id, tickets_id) VALUES (2, 63)       on duplicate key update tickets_id = 63;
INSERT INTO biotrio.screening_tickets (screening_id, tickets_id) VALUES (2, 64)       on duplicate key update tickets_id = 64;
INSERT INTO biotrio.screening_tickets (screening_id, tickets_id) VALUES (2, 65)       on duplicate key update tickets_id = 65;
INSERT INTO biotrio.screening_tickets (screening_id, tickets_id) VALUES (2, 66)       on duplicate key update tickets_id = 66;
INSERT INTO biotrio.screening_tickets (screening_id, tickets_id) VALUES (2, 67)       on duplicate key update tickets_id = 67;
INSERT INTO biotrio.screening_tickets (screening_id, tickets_id) VALUES (2, 68)       on duplicate key update tickets_id = 68;
INSERT INTO biotrio.screening_tickets (screening_id, tickets_id) VALUES (2, 69)       on duplicate key update tickets_id = 69;
INSERT INTO biotrio.screening_tickets (screening_id, tickets_id) VALUES (2, 70)       on duplicate key update tickets_id = 70;
INSERT INTO biotrio.screening_tickets (screening_id, tickets_id) VALUES (2, 71)       on duplicate key update tickets_id = 71;
INSERT INTO biotrio.screening_tickets (screening_id, tickets_id) VALUES (2, 72)       on duplicate key update tickets_id = 72;
INSERT INTO biotrio.screening_tickets (screening_id, tickets_id) VALUES (2, 73)       on duplicate key update tickets_id = 73;
INSERT INTO biotrio.screening_tickets (screening_id, tickets_id) VALUES (2, 74)       on duplicate key update tickets_id = 74;
INSERT INTO biotrio.screening_tickets (screening_id, tickets_id) VALUES (2, 75)       on duplicate key update tickets_id = 75;
INSERT INTO biotrio.screening_tickets (screening_id, tickets_id) VALUES (2, 76)       on duplicate key update tickets_id = 76;
INSERT INTO biotrio.screening_tickets (screening_id, tickets_id) VALUES (2, 77)       on duplicate key update tickets_id = 77;
INSERT INTO biotrio.screening_tickets (screening_id, tickets_id) VALUES (2, 78)       on duplicate key update tickets_id = 78;
INSERT INTO biotrio.screening_tickets (screening_id, tickets_id) VALUES (2, 79)       on duplicate key update tickets_id = 79;
INSERT INTO biotrio.screening_tickets (screening_id, tickets_id) VALUES (2, 80)       on duplicate key update tickets_id = 80;
INSERT INTO biotrio.screening_tickets (screening_id, tickets_id) VALUES (2, 81)       on duplicate key update tickets_id = 81;
INSERT INTO biotrio.screening_tickets (screening_id, tickets_id) VALUES (2, 82)       on duplicate key update tickets_id = 82;
INSERT INTO biotrio.screening_tickets (screening_id, tickets_id) VALUES (2, 83)       on duplicate key update tickets_id = 83;
INSERT INTO biotrio.screening_tickets (screening_id, tickets_id) VALUES (2, 84)       on duplicate key update tickets_id = 84;
INSERT INTO biotrio.screening_tickets (screening_id, tickets_id) VALUES (2, 85)       on duplicate key update tickets_id = 85;
INSERT INTO biotrio.screening_tickets (screening_id, tickets_id) VALUES (2, 86)       on duplicate key update tickets_id = 86;
INSERT INTO biotrio.screening_tickets (screening_id, tickets_id) VALUES (2, 87)       on duplicate key update tickets_id = 87;
INSERT INTO biotrio.screening_tickets (screening_id, tickets_id) VALUES (2, 88)       on duplicate key update tickets_id = 88;
INSERT INTO biotrio.screening_tickets (screening_id, tickets_id) VALUES (2, 89)       on duplicate key update tickets_id = 89;
INSERT INTO biotrio.screening_tickets (screening_id, tickets_id) VALUES (2, 90)       on duplicate key update tickets_id = 90;
INSERT INTO biotrio.screening_tickets (screening_id, tickets_id) VALUES (2, 91)       on duplicate key update tickets_id = 91;
INSERT INTO biotrio.screening_tickets (screening_id, tickets_id) VALUES (2, 92)       on duplicate key update tickets_id = 92;
INSERT INTO biotrio.screening_tickets (screening_id, tickets_id) VALUES (2, 93)       on duplicate key update tickets_id = 93;
INSERT INTO biotrio.screening_tickets (screening_id, tickets_id) VALUES (2, 94)       on duplicate key update tickets_id = 94;
INSERT INTO biotrio.screening_tickets (screening_id, tickets_id) VALUES (2, 95)       on duplicate key update tickets_id = 95;
INSERT INTO biotrio.screening_tickets (screening_id, tickets_id) VALUES (2, 96)       on duplicate key update tickets_id = 96;
INSERT INTO biotrio.screening_tickets (screening_id, tickets_id) VALUES (8, 337)      on duplicate key update tickets_id = 337;
INSERT INTO biotrio.screening_tickets (screening_id, tickets_id) VALUES (8, 338)      on duplicate key update tickets_id = 338;
INSERT INTO biotrio.screening_tickets (screening_id, tickets_id) VALUES (8, 339)      on duplicate key update tickets_id = 339;
INSERT INTO biotrio.screening_tickets (screening_id, tickets_id) VALUES (8, 340)      on duplicate key update tickets_id = 340;
INSERT INTO biotrio.screening_tickets (screening_id, tickets_id) VALUES (8, 341)      on duplicate key update tickets_id = 341;
INSERT INTO biotrio.screening_tickets (screening_id, tickets_id) VALUES (8, 342)      on duplicate key update tickets_id = 342;
INSERT INTO biotrio.screening_tickets (screening_id, tickets_id) VALUES (8, 343)      on duplicate key update tickets_id = 343;
INSERT INTO biotrio.screening_tickets (screening_id, tickets_id) VALUES (8, 344)      on duplicate key update tickets_id = 344;
INSERT INTO biotrio.screening_tickets (screening_id, tickets_id) VALUES (8, 345)      on duplicate key update tickets_id = 345;
INSERT INTO biotrio.screening_tickets (screening_id, tickets_id) VALUES (8, 346)      on duplicate key update tickets_id = 346;
INSERT INTO biotrio.screening_tickets (screening_id, tickets_id) VALUES (8, 347)      on duplicate key update tickets_id = 347;
INSERT INTO biotrio.screening_tickets (screening_id, tickets_id) VALUES (8, 348)      on duplicate key update tickets_id = 348;
INSERT INTO biotrio.screening_tickets (screening_id, tickets_id) VALUES (8, 349)      on duplicate key update tickets_id = 349;
INSERT INTO biotrio.screening_tickets (screening_id, tickets_id) VALUES (8, 350)      on duplicate key update tickets_id = 350;
INSERT INTO biotrio.screening_tickets (screening_id, tickets_id) VALUES (8, 351)      on duplicate key update tickets_id = 351;
INSERT INTO biotrio.screening_tickets (screening_id, tickets_id) VALUES (8, 352)      on duplicate key update tickets_id = 352;
INSERT INTO biotrio.screening_tickets (screening_id, tickets_id) VALUES (8, 353)      on duplicate key update tickets_id = 353;
INSERT INTO biotrio.screening_tickets (screening_id, tickets_id) VALUES (8, 354)      on duplicate key update tickets_id = 354;
INSERT INTO biotrio.screening_tickets (screening_id, tickets_id) VALUES (8, 355)      on duplicate key update tickets_id = 355;
INSERT INTO biotrio.screening_tickets (screening_id, tickets_id) VALUES (8, 356)      on duplicate key update tickets_id = 356;
INSERT INTO biotrio.screening_tickets (screening_id, tickets_id) VALUES (8, 357)      on duplicate key update tickets_id = 357;
INSERT INTO biotrio.screening_tickets (screening_id, tickets_id) VALUES (8, 358)      on duplicate key update tickets_id = 358;
INSERT INTO biotrio.screening_tickets (screening_id, tickets_id) VALUES (8, 359)      on duplicate key update tickets_id = 359;
INSERT INTO biotrio.screening_tickets (screening_id, tickets_id) VALUES (8, 360)      on duplicate key update tickets_id = 360;
INSERT INTO biotrio.screening_tickets (screening_id, tickets_id) VALUES (8, 361)      on duplicate key update tickets_id = 361;
INSERT INTO biotrio.screening_tickets (screening_id, tickets_id) VALUES (8, 362)      on duplicate key update tickets_id = 362;
INSERT INTO biotrio.screening_tickets (screening_id, tickets_id) VALUES (8, 363)      on duplicate key update tickets_id = 363;
INSERT INTO biotrio.screening_tickets (screening_id, tickets_id) VALUES (8, 364)      on duplicate key update tickets_id = 364;
INSERT INTO biotrio.screening_tickets (screening_id, tickets_id) VALUES (8, 365)      on duplicate key update tickets_id = 365;
INSERT INTO biotrio.screening_tickets (screening_id, tickets_id) VALUES (8, 366)      on duplicate key update tickets_id = 366;
INSERT INTO biotrio.screening_tickets (screening_id, tickets_id) VALUES (8, 367)      on duplicate key update tickets_id = 367;
INSERT INTO biotrio.screening_tickets (screening_id, tickets_id) VALUES (8, 368)      on duplicate key update tickets_id = 368;
INSERT INTO biotrio.screening_tickets (screening_id, tickets_id) VALUES (8, 369)      on duplicate key update tickets_id = 369;
INSERT INTO biotrio.screening_tickets (screening_id, tickets_id) VALUES (8, 370)      on duplicate key update tickets_id = 370;
INSERT INTO biotrio.screening_tickets (screening_id, tickets_id) VALUES (8, 371)      on duplicate key update tickets_id = 371;
INSERT INTO biotrio.screening_tickets (screening_id, tickets_id) VALUES (8, 372)      on duplicate key update tickets_id = 372;
INSERT INTO biotrio.screening_tickets (screening_id, tickets_id) VALUES (8, 373)      on duplicate key update tickets_id = 373;
INSERT INTO biotrio.screening_tickets (screening_id, tickets_id) VALUES (8, 374)      on duplicate key update tickets_id = 374;
INSERT INTO biotrio.screening_tickets (screening_id, tickets_id) VALUES (8, 375)      on duplicate key update tickets_id = 375;
INSERT INTO biotrio.screening_tickets (screening_id, tickets_id) VALUES (8, 376)      on duplicate key update tickets_id = 376;
INSERT INTO biotrio.screening_tickets (screening_id, tickets_id) VALUES (8, 377)      on duplicate key update tickets_id = 377;
INSERT INTO biotrio.screening_tickets (screening_id, tickets_id) VALUES (8, 378)      on duplicate key update tickets_id = 378;
INSERT INTO biotrio.screening_tickets (screening_id, tickets_id) VALUES (8, 379)      on duplicate key update tickets_id = 379;
INSERT INTO biotrio.screening_tickets (screening_id, tickets_id) VALUES (8, 380)      on duplicate key update tickets_id = 380;
INSERT INTO biotrio.screening_tickets (screening_id, tickets_id) VALUES (8, 381)      on duplicate key update tickets_id = 381;
INSERT INTO biotrio.screening_tickets (screening_id, tickets_id) VALUES (8, 382)      on duplicate key update tickets_id = 382;
INSERT INTO biotrio.screening_tickets (screening_id, tickets_id) VALUES (8, 383)      on duplicate key update tickets_id = 383;
INSERT INTO biotrio.screening_tickets (screening_id, tickets_id) VALUES (8, 384)      on duplicate key update tickets_id = 384;
INSERT INTO biotrio.screening_tickets (screening_id, tickets_id) VALUES (8, 385)      on duplicate key update tickets_id = 385;
INSERT INTO biotrio.screening_tickets (screening_id, tickets_id) VALUES (8, 386)      on duplicate key update tickets_id = 386;
INSERT INTO biotrio.screening_tickets (screening_id, tickets_id) VALUES (8, 387)      on duplicate key update tickets_id = 387;
INSERT INTO biotrio.screening_tickets (screening_id, tickets_id) VALUES (8, 388)      on duplicate key update tickets_id = 388;
INSERT INTO biotrio.screening_tickets (screening_id, tickets_id) VALUES (8, 389)      on duplicate key update tickets_id = 389;
INSERT INTO biotrio.screening_tickets (screening_id, tickets_id) VALUES (8, 390)      on duplicate key update tickets_id = 390;
INSERT INTO biotrio.screening_tickets (screening_id, tickets_id) VALUES (8, 391)      on duplicate key update tickets_id = 391;
INSERT INTO biotrio.screening_tickets (screening_id, tickets_id) VALUES (8, 392)      on duplicate key update tickets_id = 392;
INSERT INTO biotrio.screening_tickets (screening_id, tickets_id) VALUES (8, 393)      on duplicate key update tickets_id = 393;
INSERT INTO biotrio.screening_tickets (screening_id, tickets_id) VALUES (8, 394)      on duplicate key update tickets_id = 394;
INSERT INTO biotrio.screening_tickets (screening_id, tickets_id) VALUES (8, 395)      on duplicate key update tickets_id = 395;
INSERT INTO biotrio.screening_tickets (screening_id, tickets_id) VALUES (8, 396)      on duplicate key update tickets_id = 396;
INSERT INTO biotrio.screening_tickets (screening_id, tickets_id) VALUES (8, 397)      on duplicate key update tickets_id = 397;
INSERT INTO biotrio.screening_tickets (screening_id, tickets_id) VALUES (8, 398)      on duplicate key update tickets_id = 398;
INSERT INTO biotrio.screening_tickets (screening_id, tickets_id) VALUES (8, 399)      on duplicate key update tickets_id = 399;
INSERT INTO biotrio.screening_tickets (screening_id, tickets_id) VALUES (8, 400)      on duplicate key update tickets_id = 400;
INSERT INTO biotrio.screening_tickets (screening_id, tickets_id) VALUES (8, 401)      on duplicate key update tickets_id = 401;
INSERT INTO biotrio.screening_tickets (screening_id, tickets_id) VALUES (8, 402)      on duplicate key update tickets_id = 402;
INSERT INTO biotrio.screening_tickets (screening_id, tickets_id) VALUES (8, 403)      on duplicate key update tickets_id = 403;
INSERT INTO biotrio.screening_tickets (screening_id, tickets_id) VALUES (8, 404)      on duplicate key update tickets_id = 404;
INSERT INTO biotrio.screening_tickets (screening_id, tickets_id) VALUES (8, 405)      on duplicate key update tickets_id = 405;
INSERT INTO biotrio.screening_tickets (screening_id, tickets_id) VALUES (8, 406)      on duplicate key update tickets_id = 406;
INSERT INTO biotrio.screening_tickets (screening_id, tickets_id) VALUES (8, 407)      on duplicate key update tickets_id = 407;
INSERT INTO biotrio.screening_tickets (screening_id, tickets_id) VALUES (8, 408)      on duplicate key update tickets_id = 408;
INSERT INTO biotrio.screening_tickets (screening_id, tickets_id) VALUES (8, 409)      on duplicate key update tickets_id = 409;
INSERT INTO biotrio.screening_tickets (screening_id, tickets_id) VALUES (8, 410)      on duplicate key update tickets_id = 410;
INSERT INTO biotrio.screening_tickets (screening_id, tickets_id) VALUES (8, 411)      on duplicate key update tickets_id = 411;
INSERT INTO biotrio.screening_tickets (screening_id, tickets_id) VALUES (8, 412)      on duplicate key update tickets_id = 412;
INSERT INTO biotrio.screening_tickets (screening_id, tickets_id) VALUES (8, 413)      on duplicate key update tickets_id = 413;
INSERT INTO biotrio.screening_tickets (screening_id, tickets_id) VALUES (8, 414)      on duplicate key update tickets_id = 414;
INSERT INTO biotrio.screening_tickets (screening_id, tickets_id) VALUES (8, 415)      on duplicate key update tickets_id = 415;
INSERT INTO biotrio.screening_tickets (screening_id, tickets_id) VALUES (8, 416)      on duplicate key update tickets_id = 416;
INSERT INTO biotrio.screening_tickets (screening_id, tickets_id) VALUES (8, 417)      on duplicate key update tickets_id = 417;
INSERT INTO biotrio.screening_tickets (screening_id, tickets_id) VALUES (8, 418)      on duplicate key update tickets_id = 418;
INSERT INTO biotrio.screening_tickets (screening_id, tickets_id) VALUES (8, 419)      on duplicate key update tickets_id = 419;
INSERT INTO biotrio.screening_tickets (screening_id, tickets_id) VALUES (8, 420)      on duplicate key update tickets_id = 420;
INSERT INTO biotrio.screening_tickets (screening_id, tickets_id) VALUES (8, 421)      on duplicate key update tickets_id = 421;
INSERT INTO biotrio.screening_tickets (screening_id, tickets_id) VALUES (8, 422)      on duplicate key update tickets_id = 422;
INSERT INTO biotrio.screening_tickets (screening_id, tickets_id) VALUES (8, 423)      on duplicate key update tickets_id = 423;
INSERT INTO biotrio.screening_tickets (screening_id, tickets_id) VALUES (8, 424)      on duplicate key update tickets_id = 424;
INSERT INTO biotrio.screening_tickets (screening_id, tickets_id) VALUES (8, 425)      on duplicate key update tickets_id = 425;
INSERT INTO biotrio.screening_tickets (screening_id, tickets_id) VALUES (8, 426)      on duplicate key update tickets_id = 426;
INSERT INTO biotrio.screening_tickets (screening_id, tickets_id) VALUES (8, 427)      on duplicate key update tickets_id = 427;
INSERT INTO biotrio.screening_tickets (screening_id, tickets_id) VALUES (8, 428)      on duplicate key update tickets_id = 428;
INSERT INTO biotrio.screening_tickets (screening_id, tickets_id) VALUES (8, 429)      on duplicate key update tickets_id = 429;
INSERT INTO biotrio.screening_tickets (screening_id, tickets_id) VALUES (8, 430)      on duplicate key update tickets_id = 430;
INSERT INTO biotrio.screening_tickets (screening_id, tickets_id) VALUES (8, 431)      on duplicate key update tickets_id = 431;
INSERT INTO biotrio.screening_tickets (screening_id, tickets_id) VALUES (8, 432)      on duplicate key update tickets_id = 432;
INSERT INTO biotrio.screening_tickets (screening_id, tickets_id) VALUES (9, 433)      on duplicate key update tickets_id = 433;
INSERT INTO biotrio.screening_tickets (screening_id, tickets_id) VALUES (9, 434)      on duplicate key update tickets_id = 434;
INSERT INTO biotrio.screening_tickets (screening_id, tickets_id) VALUES (9, 435)      on duplicate key update tickets_id = 435;
INSERT INTO biotrio.screening_tickets (screening_id, tickets_id) VALUES (9, 436)      on duplicate key update tickets_id = 436;
INSERT INTO biotrio.screening_tickets (screening_id, tickets_id) VALUES (9, 437)      on duplicate key update tickets_id = 437;
INSERT INTO biotrio.screening_tickets (screening_id, tickets_id) VALUES (9, 438)      on duplicate key update tickets_id = 438;
INSERT INTO biotrio.screening_tickets (screening_id, tickets_id) VALUES (9, 439)      on duplicate key update tickets_id = 439;
INSERT INTO biotrio.screening_tickets (screening_id, tickets_id) VALUES (9, 440)      on duplicate key update tickets_id = 440;
INSERT INTO biotrio.screening_tickets (screening_id, tickets_id) VALUES (9, 441)      on duplicate key update tickets_id = 441;
INSERT INTO biotrio.screening_tickets (screening_id, tickets_id) VALUES (9, 442)      on duplicate key update tickets_id = 442;
INSERT INTO biotrio.screening_tickets (screening_id, tickets_id) VALUES (9, 443)      on duplicate key update tickets_id = 443;
INSERT INTO biotrio.screening_tickets (screening_id, tickets_id) VALUES (9, 444)      on duplicate key update tickets_id = 444;
INSERT INTO biotrio.screening_tickets (screening_id, tickets_id) VALUES (9, 445)      on duplicate key update tickets_id = 445;
INSERT INTO biotrio.screening_tickets (screening_id, tickets_id) VALUES (9, 446)      on duplicate key update tickets_id = 446;
INSERT INTO biotrio.screening_tickets (screening_id, tickets_id) VALUES (9, 447)      on duplicate key update tickets_id = 447;
INSERT INTO biotrio.screening_tickets (screening_id, tickets_id) VALUES (9, 448)      on duplicate key update tickets_id = 448;
INSERT INTO biotrio.screening_tickets (screening_id, tickets_id) VALUES (9, 449)      on duplicate key update tickets_id = 449;
INSERT INTO biotrio.screening_tickets (screening_id, tickets_id) VALUES (9, 450)      on duplicate key update tickets_id = 450;
INSERT INTO biotrio.screening_tickets (screening_id, tickets_id) VALUES (9, 451)      on duplicate key update tickets_id = 451;
INSERT INTO biotrio.screening_tickets (screening_id, tickets_id) VALUES (9, 452)      on duplicate key update tickets_id = 452;
INSERT INTO biotrio.screening_tickets (screening_id, tickets_id) VALUES (9, 453)      on duplicate key update tickets_id = 453;
INSERT INTO biotrio.screening_tickets (screening_id, tickets_id) VALUES (9, 454)      on duplicate key update tickets_id = 454;
INSERT INTO biotrio.screening_tickets (screening_id, tickets_id) VALUES (9, 455)      on duplicate key update tickets_id = 455;
INSERT INTO biotrio.screening_tickets (screening_id, tickets_id) VALUES (9, 456)      on duplicate key update tickets_id = 456;
INSERT INTO biotrio.screening_tickets (screening_id, tickets_id) VALUES (9, 457)      on duplicate key update tickets_id = 457;
INSERT INTO biotrio.screening_tickets (screening_id, tickets_id) VALUES (9, 458)      on duplicate key update tickets_id = 458;
INSERT INTO biotrio.screening_tickets (screening_id, tickets_id) VALUES (9, 459)      on duplicate key update tickets_id = 459;
INSERT INTO biotrio.screening_tickets (screening_id, tickets_id) VALUES (9, 460)      on duplicate key update tickets_id = 460;
INSERT INTO biotrio.screening_tickets (screening_id, tickets_id) VALUES (9, 461)      on duplicate key update tickets_id = 461;
INSERT INTO biotrio.screening_tickets (screening_id, tickets_id) VALUES (9, 462)      on duplicate key update tickets_id = 462;
INSERT INTO biotrio.screening_tickets (screening_id, tickets_id) VALUES (9, 463)      on duplicate key update tickets_id = 463;
INSERT INTO biotrio.screening_tickets (screening_id, tickets_id) VALUES (9, 464)      on duplicate key update tickets_id = 464;
INSERT INTO biotrio.screening_tickets (screening_id, tickets_id) VALUES (9, 465)      on duplicate key update tickets_id = 465;
INSERT INTO biotrio.screening_tickets (screening_id, tickets_id) VALUES (9, 466)      on duplicate key update tickets_id = 466;
INSERT INTO biotrio.screening_tickets (screening_id, tickets_id) VALUES (9, 467)      on duplicate key update tickets_id = 467;
INSERT INTO biotrio.screening_tickets (screening_id, tickets_id) VALUES (9, 468)      on duplicate key update tickets_id = 468;
INSERT INTO biotrio.screening_tickets (screening_id, tickets_id) VALUES (9, 469)      on duplicate key update tickets_id = 469;
INSERT INTO biotrio.screening_tickets (screening_id, tickets_id) VALUES (9, 470)      on duplicate key update tickets_id = 470;
INSERT INTO biotrio.screening_tickets (screening_id, tickets_id) VALUES (9, 471)      on duplicate key update tickets_id = 471;
INSERT INTO biotrio.screening_tickets (screening_id, tickets_id) VALUES (9, 472)      on duplicate key update tickets_id = 472;
INSERT INTO biotrio.screening_tickets (screening_id, tickets_id) VALUES (9, 473)      on duplicate key update tickets_id = 473;
INSERT INTO biotrio.screening_tickets (screening_id, tickets_id) VALUES (9, 474)      on duplicate key update tickets_id = 474;
INSERT INTO biotrio.screening_tickets (screening_id, tickets_id) VALUES (9, 475)      on duplicate key update tickets_id = 475;
INSERT INTO biotrio.screening_tickets (screening_id, tickets_id) VALUES (9, 476)      on duplicate key update tickets_id = 476;
INSERT INTO biotrio.screening_tickets (screening_id, tickets_id) VALUES (9, 477)      on duplicate key update tickets_id = 477;
INSERT INTO biotrio.screening_tickets (screening_id, tickets_id) VALUES (9, 478)      on duplicate key update tickets_id = 478;
INSERT INTO biotrio.screening_tickets (screening_id, tickets_id) VALUES (9, 479)      on duplicate key update tickets_id = 479;
INSERT INTO biotrio.screening_tickets (screening_id, tickets_id) VALUES (9, 480)      on duplicate key update tickets_id = 480;
INSERT INTO biotrio.screening_tickets (screening_id, tickets_id) VALUES (9, 481)      on duplicate key update tickets_id = 481;
INSERT INTO biotrio.screening_tickets (screening_id, tickets_id) VALUES (9, 482)      on duplicate key update tickets_id = 482;
INSERT INTO biotrio.screening_tickets (screening_id, tickets_id) VALUES (9, 483)      on duplicate key update tickets_id = 483;
INSERT INTO biotrio.screening_tickets (screening_id, tickets_id) VALUES (9, 484)      on duplicate key update tickets_id = 484;
INSERT INTO biotrio.screening_tickets (screening_id, tickets_id) VALUES (9, 485)      on duplicate key update tickets_id = 485;
INSERT INTO biotrio.screening_tickets (screening_id, tickets_id) VALUES (9, 486)      on duplicate key update tickets_id = 486;
INSERT INTO biotrio.screening_tickets (screening_id, tickets_id) VALUES (9, 487)      on duplicate key update tickets_id = 487;
INSERT INTO biotrio.screening_tickets (screening_id, tickets_id) VALUES (9, 488)      on duplicate key update tickets_id = 488;
INSERT INTO biotrio.screening_tickets (screening_id, tickets_id) VALUES (9, 489)      on duplicate key update tickets_id = 489;
INSERT INTO biotrio.screening_tickets (screening_id, tickets_id) VALUES (9, 490)      on duplicate key update tickets_id = 490;
INSERT INTO biotrio.screening_tickets (screening_id, tickets_id) VALUES (9, 491)      on duplicate key update tickets_id = 491;
INSERT INTO biotrio.screening_tickets (screening_id, tickets_id) VALUES (9, 492)      on duplicate key update tickets_id = 492;
INSERT INTO biotrio.screening_tickets (screening_id, tickets_id) VALUES (9, 493)      on duplicate key update tickets_id = 493;
INSERT INTO biotrio.screening_tickets (screening_id, tickets_id) VALUES (9, 494)      on duplicate key update tickets_id = 494;
INSERT INTO biotrio.screening_tickets (screening_id, tickets_id) VALUES (9, 495)      on duplicate key update tickets_id = 495;
INSERT INTO biotrio.screening_tickets (screening_id, tickets_id) VALUES (9, 496)      on duplicate key update tickets_id = 496;
INSERT INTO biotrio.screening_tickets (screening_id, tickets_id) VALUES (9, 497)      on duplicate key update tickets_id = 497;
INSERT INTO biotrio.screening_tickets (screening_id, tickets_id) VALUES (9, 498)      on duplicate key update tickets_id = 498;
INSERT INTO biotrio.screening_tickets (screening_id, tickets_id) VALUES (9, 499)      on duplicate key update tickets_id = 499;
INSERT INTO biotrio.screening_tickets (screening_id, tickets_id) VALUES (9, 500)      on duplicate key update tickets_id = 500;
INSERT INTO biotrio.screening_tickets (screening_id, tickets_id) VALUES (9, 501)      on duplicate key update tickets_id = 501;
INSERT INTO biotrio.screening_tickets (screening_id, tickets_id) VALUES (9, 502)      on duplicate key update tickets_id = 502;
INSERT INTO biotrio.screening_tickets (screening_id, tickets_id) VALUES (9, 503)      on duplicate key update tickets_id = 503;
INSERT INTO biotrio.screening_tickets (screening_id, tickets_id) VALUES (9, 504)      on duplicate key update tickets_id = 504;
INSERT INTO biotrio.screening_tickets (screening_id, tickets_id) VALUES (9, 505)      on duplicate key update tickets_id = 505;
INSERT INTO biotrio.screening_tickets (screening_id, tickets_id) VALUES (9, 506)      on duplicate key update tickets_id = 506;
INSERT INTO biotrio.screening_tickets (screening_id, tickets_id) VALUES (9, 507)      on duplicate key update tickets_id = 507;
INSERT INTO biotrio.screening_tickets (screening_id, tickets_id) VALUES (9, 508)      on duplicate key update tickets_id = 508;
INSERT INTO biotrio.screening_tickets (screening_id, tickets_id) VALUES (9, 509)      on duplicate key update tickets_id = 509;
INSERT INTO biotrio.screening_tickets (screening_id, tickets_id) VALUES (9, 510)      on duplicate key update tickets_id = 510;
INSERT INTO biotrio.screening_tickets (screening_id, tickets_id) VALUES (9, 511)      on duplicate key update tickets_id = 511;
INSERT INTO biotrio.screening_tickets (screening_id, tickets_id) VALUES (9, 512)      on duplicate key update tickets_id = 512;
INSERT INTO biotrio.screening_tickets (screening_id, tickets_id) VALUES (9, 513)      on duplicate key update tickets_id = 513;
INSERT INTO biotrio.screening_tickets (screening_id, tickets_id) VALUES (9, 514)      on duplicate key update tickets_id = 514;
INSERT INTO biotrio.screening_tickets (screening_id, tickets_id) VALUES (9, 515)      on duplicate key update tickets_id = 515;
INSERT INTO biotrio.screening_tickets (screening_id, tickets_id) VALUES (9, 516)      on duplicate key update tickets_id = 516;
INSERT INTO biotrio.screening_tickets (screening_id, tickets_id) VALUES (9, 517)      on duplicate key update tickets_id = 517;
INSERT INTO biotrio.screening_tickets (screening_id, tickets_id) VALUES (9, 518)      on duplicate key update tickets_id = 518;
INSERT INTO biotrio.screening_tickets (screening_id, tickets_id) VALUES (9, 519)      on duplicate key update tickets_id = 519;
INSERT INTO biotrio.screening_tickets (screening_id, tickets_id) VALUES (9, 520)      on duplicate key update tickets_id = 520;
INSERT INTO biotrio.screening_tickets (screening_id, tickets_id) VALUES (9, 521)      on duplicate key update tickets_id = 521;
INSERT INTO biotrio.screening_tickets (screening_id, tickets_id) VALUES (9, 522)      on duplicate key update tickets_id = 522;
INSERT INTO biotrio.screening_tickets (screening_id, tickets_id) VALUES (9, 523)      on duplicate key update tickets_id = 523;
INSERT INTO biotrio.screening_tickets (screening_id, tickets_id) VALUES (9, 524)      on duplicate key update tickets_id = 524;
INSERT INTO biotrio.screening_tickets (screening_id, tickets_id) VALUES (9, 525)      on duplicate key update tickets_id = 525;
INSERT INTO biotrio.screening_tickets (screening_id, tickets_id) VALUES (9, 526)      on duplicate key update tickets_id = 526;
INSERT INTO biotrio.screening_tickets (screening_id, tickets_id) VALUES (9, 527)      on duplicate key update tickets_id = 527;
INSERT INTO biotrio.screening_tickets (screening_id, tickets_id) VALUES (9, 528)      on duplicate key update tickets_id = 528;
INSERT INTO biotrio.screening_tickets (screening_id, tickets_id) VALUES (10, 529)  on duplicate key update tickets_id = 529;
INSERT INTO biotrio.screening_tickets (screening_id, tickets_id) VALUES (10, 530)  on duplicate key update tickets_id = 530;
INSERT INTO biotrio.screening_tickets (screening_id, tickets_id) VALUES (10, 531)  on duplicate key update tickets_id = 531;
INSERT INTO biotrio.screening_tickets (screening_id, tickets_id) VALUES (10, 532)  on duplicate key update tickets_id = 532;
INSERT INTO biotrio.screening_tickets (screening_id, tickets_id) VALUES (10, 533)  on duplicate key update tickets_id = 533;
INSERT INTO biotrio.screening_tickets (screening_id, tickets_id) VALUES (10, 534)  on duplicate key update tickets_id = 534;
INSERT INTO biotrio.screening_tickets (screening_id, tickets_id) VALUES (10, 535)  on duplicate key update tickets_id = 535;
INSERT INTO biotrio.screening_tickets (screening_id, tickets_id) VALUES (10, 536)  on duplicate key update tickets_id = 536;
INSERT INTO biotrio.screening_tickets (screening_id, tickets_id) VALUES (10, 537)  on duplicate key update tickets_id = 537;
INSERT INTO biotrio.screening_tickets (screening_id, tickets_id) VALUES (10, 538)  on duplicate key update tickets_id = 538;
INSERT INTO biotrio.screening_tickets (screening_id, tickets_id) VALUES (10, 539)  on duplicate key update tickets_id = 539;
INSERT INTO biotrio.screening_tickets (screening_id, tickets_id) VALUES (10, 540)  on duplicate key update tickets_id = 540;
INSERT INTO biotrio.screening_tickets (screening_id, tickets_id) VALUES (10, 541)  on duplicate key update tickets_id = 541;
INSERT INTO biotrio.screening_tickets (screening_id, tickets_id) VALUES (10, 542)  on duplicate key update tickets_id = 542;
INSERT INTO biotrio.screening_tickets (screening_id, tickets_id) VALUES (10, 543)  on duplicate key update tickets_id = 543;
INSERT INTO biotrio.screening_tickets (screening_id, tickets_id) VALUES (10, 544)  on duplicate key update tickets_id = 544;
INSERT INTO biotrio.screening_tickets (screening_id, tickets_id) VALUES (10, 545)  on duplicate key update tickets_id = 545;
INSERT INTO biotrio.screening_tickets (screening_id, tickets_id) VALUES (10, 546)  on duplicate key update tickets_id = 546;
INSERT INTO biotrio.screening_tickets (screening_id, tickets_id) VALUES (10, 547)  on duplicate key update tickets_id = 547;
INSERT INTO biotrio.screening_tickets (screening_id, tickets_id) VALUES (10, 548)  on duplicate key update tickets_id = 548;
INSERT INTO biotrio.screening_tickets (screening_id, tickets_id) VALUES (10, 549)  on duplicate key update tickets_id = 549;
INSERT INTO biotrio.screening_tickets (screening_id, tickets_id) VALUES (10, 550)  on duplicate key update tickets_id = 550;
INSERT INTO biotrio.screening_tickets (screening_id, tickets_id) VALUES (10, 551)  on duplicate key update tickets_id = 551;
INSERT INTO biotrio.screening_tickets (screening_id, tickets_id) VALUES (10, 552)  on duplicate key update tickets_id = 552;
INSERT INTO biotrio.screening_tickets (screening_id, tickets_id) VALUES (10, 553)  on duplicate key update tickets_id = 553;
INSERT INTO biotrio.screening_tickets (screening_id, tickets_id) VALUES (10, 554)  on duplicate key update tickets_id = 554;
INSERT INTO biotrio.screening_tickets (screening_id, tickets_id) VALUES (10, 555)  on duplicate key update tickets_id = 555;
INSERT INTO biotrio.screening_tickets (screening_id, tickets_id) VALUES (10, 556)  on duplicate key update tickets_id = 556;
INSERT INTO biotrio.screening_tickets (screening_id, tickets_id) VALUES (10, 557)  on duplicate key update tickets_id = 557;
INSERT INTO biotrio.screening_tickets (screening_id, tickets_id) VALUES (10, 558)  on duplicate key update tickets_id = 558;
INSERT INTO biotrio.screening_tickets (screening_id, tickets_id) VALUES (10, 559)  on duplicate key update tickets_id = 559;
INSERT INTO biotrio.screening_tickets (screening_id, tickets_id) VALUES (10, 560)  on duplicate key update tickets_id = 560;
INSERT INTO biotrio.screening_tickets (screening_id, tickets_id) VALUES (10, 561)  on duplicate key update tickets_id = 561;
INSERT INTO biotrio.screening_tickets (screening_id, tickets_id) VALUES (10, 562)  on duplicate key update tickets_id = 562;
INSERT INTO biotrio.screening_tickets (screening_id, tickets_id) VALUES (10, 563)  on duplicate key update tickets_id = 563;
INSERT INTO biotrio.screening_tickets (screening_id, tickets_id) VALUES (10, 564)  on duplicate key update tickets_id = 564;
INSERT INTO biotrio.screening_tickets (screening_id, tickets_id) VALUES (10, 565)  on duplicate key update tickets_id = 565;
INSERT INTO biotrio.screening_tickets (screening_id, tickets_id) VALUES (10, 566)  on duplicate key update tickets_id = 566;
INSERT INTO biotrio.screening_tickets (screening_id, tickets_id) VALUES (10, 567)  on duplicate key update tickets_id = 567;
INSERT INTO biotrio.screening_tickets (screening_id, tickets_id) VALUES (10, 568)  on duplicate key update tickets_id = 568;
INSERT INTO biotrio.screening_tickets (screening_id, tickets_id) VALUES (10, 569)  on duplicate key update tickets_id = 569;
INSERT INTO biotrio.screening_tickets (screening_id, tickets_id) VALUES (10, 570)  on duplicate key update tickets_id = 570;
INSERT INTO biotrio.screening_tickets (screening_id, tickets_id) VALUES (10, 571)  on duplicate key update tickets_id = 571;
INSERT INTO biotrio.screening_tickets (screening_id, tickets_id) VALUES (10, 572)  on duplicate key update tickets_id = 572;
INSERT INTO biotrio.screening_tickets (screening_id, tickets_id) VALUES (10, 573)  on duplicate key update tickets_id = 573;
INSERT INTO biotrio.screening_tickets (screening_id, tickets_id) VALUES (10, 574)  on duplicate key update tickets_id = 574;
INSERT INTO biotrio.screening_tickets (screening_id, tickets_id) VALUES (10, 575)  on duplicate key update tickets_id = 575;
INSERT INTO biotrio.screening_tickets (screening_id, tickets_id) VALUES (10, 576)  on duplicate key update tickets_id = 576;
INSERT INTO biotrio.screening_tickets (screening_id, tickets_id) VALUES (10, 577)  on duplicate key update tickets_id = 577;
INSERT INTO biotrio.screening_tickets (screening_id, tickets_id) VALUES (10, 578)  on duplicate key update tickets_id = 578;
INSERT INTO biotrio.screening_tickets (screening_id, tickets_id) VALUES (10, 579)  on duplicate key update tickets_id = 579;
INSERT INTO biotrio.screening_tickets (screening_id, tickets_id) VALUES (10, 580)  on duplicate key update tickets_id = 580;
INSERT INTO biotrio.screening_tickets (screening_id, tickets_id) VALUES (10, 581)  on duplicate key update tickets_id = 581;
INSERT INTO biotrio.screening_tickets (screening_id, tickets_id) VALUES (10, 582)  on duplicate key update tickets_id = 582;
INSERT INTO biotrio.screening_tickets (screening_id, tickets_id) VALUES (10, 583)  on duplicate key update tickets_id = 583;
INSERT INTO biotrio.screening_tickets (screening_id, tickets_id) VALUES (10, 584)  on duplicate key update tickets_id = 584;
INSERT INTO biotrio.screening_tickets (screening_id, tickets_id) VALUES (10, 585)  on duplicate key update tickets_id = 585;
INSERT INTO biotrio.screening_tickets (screening_id, tickets_id) VALUES (10, 586)  on duplicate key update tickets_id = 586;
INSERT INTO biotrio.screening_tickets (screening_id, tickets_id) VALUES (10, 587)  on duplicate key update tickets_id = 587;
INSERT INTO biotrio.screening_tickets (screening_id, tickets_id) VALUES (10, 588)  on duplicate key update tickets_id = 588;
INSERT INTO biotrio.screening_tickets (screening_id, tickets_id) VALUES (10, 589)  on duplicate key update tickets_id = 589;
INSERT INTO biotrio.screening_tickets (screening_id, tickets_id) VALUES (10, 590)  on duplicate key update tickets_id = 590;
INSERT INTO biotrio.screening_tickets (screening_id, tickets_id) VALUES (10, 591)  on duplicate key update tickets_id = 591;
INSERT INTO biotrio.screening_tickets (screening_id, tickets_id) VALUES (10, 592)  on duplicate key update tickets_id = 592;
INSERT INTO biotrio.screening_tickets (screening_id, tickets_id) VALUES (10, 593)  on duplicate key update tickets_id = 593;
INSERT INTO biotrio.screening_tickets (screening_id, tickets_id) VALUES (10, 594)  on duplicate key update tickets_id = 594;
INSERT INTO biotrio.screening_tickets (screening_id, tickets_id) VALUES (10, 595)  on duplicate key update tickets_id = 595;
INSERT INTO biotrio.screening_tickets (screening_id, tickets_id) VALUES (10, 596)  on duplicate key update tickets_id = 596;
INSERT INTO biotrio.screening_tickets (screening_id, tickets_id) VALUES (10, 597)  on duplicate key update tickets_id = 597;
INSERT INTO biotrio.screening_tickets (screening_id, tickets_id) VALUES (10, 598)  on duplicate key update tickets_id = 598;
INSERT INTO biotrio.screening_tickets (screening_id, tickets_id) VALUES (10, 599)  on duplicate key update tickets_id = 599;
INSERT INTO biotrio.screening_tickets (screening_id, tickets_id) VALUES (10, 600)  on duplicate key update tickets_id = 600;
INSERT INTO biotrio.screening_tickets (screening_id, tickets_id) VALUES (10, 601)  on duplicate key update tickets_id = 601;
INSERT INTO biotrio.screening_tickets (screening_id, tickets_id) VALUES (10, 602)  on duplicate key update tickets_id = 602;
INSERT INTO biotrio.screening_tickets (screening_id, tickets_id) VALUES (10, 603)  on duplicate key update tickets_id = 603;
INSERT INTO biotrio.screening_tickets (screening_id, tickets_id) VALUES (10, 604)  on duplicate key update tickets_id = 604;
INSERT INTO biotrio.screening_tickets (screening_id, tickets_id) VALUES (10, 605)  on duplicate key update tickets_id = 605;
INSERT INTO biotrio.screening_tickets (screening_id, tickets_id) VALUES (10, 606)  on duplicate key update tickets_id = 606;
INSERT INTO biotrio.screening_tickets (screening_id, tickets_id) VALUES (10, 607)  on duplicate key update tickets_id = 607;
INSERT INTO biotrio.screening_tickets (screening_id, tickets_id) VALUES (10, 608)  on duplicate key update tickets_id = 608;
INSERT INTO biotrio.screening_tickets (screening_id, tickets_id) VALUES (10, 609)  on duplicate key update tickets_id = 609;
INSERT INTO biotrio.screening_tickets (screening_id, tickets_id) VALUES (10, 610)  on duplicate key update tickets_id = 610;
INSERT INTO biotrio.screening_tickets (screening_id, tickets_id) VALUES (10, 611)  on duplicate key update tickets_id = 611;
INSERT INTO biotrio.screening_tickets (screening_id, tickets_id) VALUES (10, 612)  on duplicate key update tickets_id = 612;
INSERT INTO biotrio.screening_tickets (screening_id, tickets_id) VALUES (10, 613)  on duplicate key update tickets_id = 613;
INSERT INTO biotrio.screening_tickets (screening_id, tickets_id) VALUES (10, 614)  on duplicate key update tickets_id = 614;
INSERT INTO biotrio.screening_tickets (screening_id, tickets_id) VALUES (10, 615)  on duplicate key update tickets_id = 615;
INSERT INTO biotrio.screening_tickets (screening_id, tickets_id) VALUES (10, 616)  on duplicate key update tickets_id = 616;
INSERT INTO biotrio.screening_tickets (screening_id, tickets_id) VALUES (10, 617)  on duplicate key update tickets_id = 617;
INSERT INTO biotrio.screening_tickets (screening_id, tickets_id) VALUES (10, 618)  on duplicate key update tickets_id = 618;
INSERT INTO biotrio.screening_tickets (screening_id, tickets_id) VALUES (10, 619)  on duplicate key update tickets_id = 619;
INSERT INTO biotrio.screening_tickets (screening_id, tickets_id) VALUES (10, 620)  on duplicate key update tickets_id = 620;
INSERT INTO biotrio.screening_tickets (screening_id, tickets_id) VALUES (10, 621)  on duplicate key update tickets_id = 621;
INSERT INTO biotrio.screening_tickets (screening_id, tickets_id) VALUES (10, 622)  on duplicate key update tickets_id = 622;
INSERT INTO biotrio.screening_tickets (screening_id, tickets_id) VALUES (10, 623)  on duplicate key update tickets_id = 623;
INSERT INTO biotrio.screening_tickets (screening_id, tickets_id) VALUES (10, 624)  on duplicate key update tickets_id = 624;
INSERT INTO biotrio.screening_tickets (screening_id, tickets_id) VALUES (10, 625)  on duplicate key update tickets_id = 625;
INSERT INTO biotrio.screening_tickets (screening_id, tickets_id) VALUES (10, 626)  on duplicate key update tickets_id = 626;
INSERT INTO biotrio.screening_tickets (screening_id, tickets_id) VALUES (10, 627)  on duplicate key update tickets_id = 627;
INSERT INTO biotrio.screening_tickets (screening_id, tickets_id) VALUES (10, 628)  on duplicate key update tickets_id = 628;
INSERT INTO biotrio.screening_tickets (screening_id, tickets_id) VALUES (10, 629)  on duplicate key update tickets_id = 629;
INSERT INTO biotrio.screening_tickets (screening_id, tickets_id) VALUES (10, 630)  on duplicate key update tickets_id = 630;
INSERT INTO biotrio.screening_tickets (screening_id, tickets_id) VALUES (10, 631)  on duplicate key update tickets_id = 631;
INSERT INTO biotrio.screening_tickets (screening_id, tickets_id) VALUES (10, 632)  on duplicate key update tickets_id = 632;
INSERT INTO biotrio.screening_tickets (screening_id, tickets_id) VALUES (10, 633)  on duplicate key update tickets_id = 633;
INSERT INTO biotrio.screening_tickets (screening_id, tickets_id) VALUES (10, 634)  on duplicate key update tickets_id = 634;
INSERT INTO biotrio.screening_tickets (screening_id, tickets_id) VALUES (10, 635)  on duplicate key update tickets_id = 635;
INSERT INTO biotrio.screening_tickets (screening_id, tickets_id) VALUES (10, 636)  on duplicate key update tickets_id = 636;
INSERT INTO biotrio.screening_tickets (screening_id, tickets_id) VALUES (10, 637)  on duplicate key update tickets_id = 637;
INSERT INTO biotrio.screening_tickets (screening_id, tickets_id) VALUES (10, 638)  on duplicate key update tickets_id = 638;
INSERT INTO biotrio.screening_tickets (screening_id, tickets_id) VALUES (10, 639)  on duplicate key update tickets_id = 639;
INSERT INTO biotrio.screening_tickets (screening_id, tickets_id) VALUES (10, 640)  on duplicate key update tickets_id = 640;
INSERT INTO biotrio.screening_tickets (screening_id, tickets_id) VALUES (10, 641)  on duplicate key update tickets_id = 641;
INSERT INTO biotrio.screening_tickets (screening_id, tickets_id) VALUES (10, 642)  on duplicate key update tickets_id = 642;
INSERT INTO biotrio.screening_tickets (screening_id, tickets_id) VALUES (10, 643)  on duplicate key update tickets_id = 643;
INSERT INTO biotrio.screening_tickets (screening_id, tickets_id) VALUES (10, 644)  on duplicate key update tickets_id = 644;
INSERT INTO biotrio.screening_tickets (screening_id, tickets_id) VALUES (10, 645)  on duplicate key update tickets_id = 645;
INSERT INTO biotrio.screening_tickets (screening_id, tickets_id) VALUES (10, 646)  on duplicate key update tickets_id = 646;
INSERT INTO biotrio.screening_tickets (screening_id, tickets_id) VALUES (10, 647)  on duplicate key update tickets_id = 647;
INSERT INTO biotrio.screening_tickets (screening_id, tickets_id) VALUES (10, 648)  on duplicate key update tickets_id = 648;
INSERT INTO biotrio.screening_tickets (screening_id, tickets_id) VALUES (10, 649)  on duplicate key update tickets_id = 649;
INSERT INTO biotrio.screening_tickets (screening_id, tickets_id) VALUES (10, 650)  on duplicate key update tickets_id = 650;
INSERT INTO biotrio.screening_tickets (screening_id, tickets_id) VALUES (10, 651)  on duplicate key update tickets_id = 651;
INSERT INTO biotrio.screening_tickets (screening_id, tickets_id) VALUES (10, 652)  on duplicate key update tickets_id = 652;
INSERT INTO biotrio.screening_tickets (screening_id, tickets_id) VALUES (10, 653)  on duplicate key update tickets_id = 653;
INSERT INTO biotrio.screening_tickets (screening_id, tickets_id) VALUES (10, 654)  on duplicate key update tickets_id = 654;
INSERT INTO biotrio.screening_tickets (screening_id, tickets_id) VALUES (10, 655)  on duplicate key update tickets_id = 655;
INSERT INTO biotrio.screening_tickets (screening_id, tickets_id) VALUES (10, 656)  on duplicate key update tickets_id = 656;
INSERT INTO biotrio.screening_tickets (screening_id, tickets_id) VALUES (10, 657)  on duplicate key update tickets_id = 657;
INSERT INTO biotrio.screening_tickets (screening_id, tickets_id) VALUES (10, 658)  on duplicate key update tickets_id = 658;
INSERT INTO biotrio.screening_tickets (screening_id, tickets_id) VALUES (10, 659)  on duplicate key update tickets_id = 659;
INSERT INTO biotrio.screening_tickets (screening_id, tickets_id) VALUES (10, 660)  on duplicate key update tickets_id = 660;
INSERT INTO biotrio.screening_tickets (screening_id, tickets_id) VALUES (10, 661)  on duplicate key update tickets_id = 661;
INSERT INTO biotrio.screening_tickets (screening_id, tickets_id) VALUES (10, 662)  on duplicate key update tickets_id = 662;
INSERT INTO biotrio.screening_tickets (screening_id, tickets_id) VALUES (10, 663)  on duplicate key update tickets_id = 663;
INSERT INTO biotrio.screening_tickets (screening_id, tickets_id) VALUES (10, 664)  on duplicate key update tickets_id = 664;
INSERT INTO biotrio.screening_tickets (screening_id, tickets_id) VALUES (10, 665)  on duplicate key update tickets_id = 665;
INSERT INTO biotrio.screening_tickets (screening_id, tickets_id) VALUES (10, 666)  on duplicate key update tickets_id = 666;
INSERT INTO biotrio.screening_tickets (screening_id, tickets_id) VALUES (10, 667)  on duplicate key update tickets_id = 667;
INSERT INTO biotrio.screening_tickets (screening_id, tickets_id) VALUES (10, 668)  on duplicate key update tickets_id = 668;
INSERT INTO biotrio.screening_tickets (screening_id, tickets_id) VALUES (10, 669)  on duplicate key update tickets_id = 669;
INSERT INTO biotrio.screening_tickets (screening_id, tickets_id) VALUES (10, 670)  on duplicate key update tickets_id = 670;
INSERT INTO biotrio.screening_tickets (screening_id, tickets_id) VALUES (10, 671)  on duplicate key update tickets_id = 671;
INSERT INTO biotrio.screening_tickets (screening_id, tickets_id) VALUES (10, 672)  on duplicate key update tickets_id = 672;
INSERT INTO biotrio.screening_tickets (screening_id, tickets_id) VALUES (10, 673)  on duplicate key update tickets_id = 673;
INSERT INTO biotrio.screening_tickets (screening_id, tickets_id) VALUES (10, 674)  on duplicate key update tickets_id = 674;
INSERT INTO biotrio.screening_tickets (screening_id, tickets_id) VALUES (10, 675)  on duplicate key update tickets_id = 675;
INSERT INTO biotrio.screening_tickets (screening_id, tickets_id) VALUES (10, 676)  on duplicate key update tickets_id = 676;
INSERT INTO biotrio.screening_tickets (screening_id, tickets_id) VALUES (10, 677)  on duplicate key update tickets_id = 677;
INSERT INTO biotrio.screening_tickets (screening_id, tickets_id) VALUES (10, 678)  on duplicate key update tickets_id = 678;
INSERT INTO biotrio.screening_tickets (screening_id, tickets_id) VALUES (10, 679)  on duplicate key update tickets_id = 679;
INSERT INTO biotrio.screening_tickets (screening_id, tickets_id) VALUES (10, 680)  on duplicate key update tickets_id = 680;
INSERT INTO biotrio.screening_tickets (screening_id, tickets_id) VALUES (10, 681)  on duplicate key update tickets_id = 681;
INSERT INTO biotrio.screening_tickets (screening_id, tickets_id) VALUES (10, 682)  on duplicate key update tickets_id = 682;
INSERT INTO biotrio.screening_tickets (screening_id, tickets_id) VALUES (10, 683)  on duplicate key update tickets_id = 683;
INSERT INTO biotrio.screening_tickets (screening_id, tickets_id) VALUES (10, 684)  on duplicate key update tickets_id = 684;
INSERT INTO biotrio.screening_tickets (screening_id, tickets_id) VALUES (10, 685)  on duplicate key update tickets_id = 685;
INSERT INTO biotrio.screening_tickets (screening_id, tickets_id) VALUES (10, 686)  on duplicate key update tickets_id = 686;
INSERT INTO biotrio.screening_tickets (screening_id, tickets_id) VALUES (10, 687)  on duplicate key update tickets_id = 687;
INSERT INTO biotrio.screening_tickets (screening_id, tickets_id) VALUES (10, 688)  on duplicate key update tickets_id = 688;
INSERT INTO biotrio.screening_tickets (screening_id, tickets_id) VALUES (10, 689)  on duplicate key update tickets_id = 689;
INSERT INTO biotrio.screening_tickets (screening_id, tickets_id) VALUES (10, 690)  on duplicate key update tickets_id = 690;
INSERT INTO biotrio.screening_tickets (screening_id, tickets_id) VALUES (10, 691)  on duplicate key update tickets_id = 691;
INSERT INTO biotrio.screening_tickets (screening_id, tickets_id) VALUES (10, 692)  on duplicate key update tickets_id = 692;
INSERT INTO biotrio.screening_tickets (screening_id, tickets_id) VALUES (10, 693)  on duplicate key update tickets_id = 693;
INSERT INTO biotrio.screening_tickets (screening_id, tickets_id) VALUES (10, 694)  on duplicate key update tickets_id = 694;
INSERT INTO biotrio.screening_tickets (screening_id, tickets_id) VALUES (10, 695)  on duplicate key update tickets_id = 695;
INSERT INTO biotrio.screening_tickets (screening_id, tickets_id) VALUES (10, 696)  on duplicate key update tickets_id = 696;
INSERT INTO biotrio.screening_tickets (screening_id, tickets_id) VALUES (10, 697)  on duplicate key update tickets_id = 697;
INSERT INTO biotrio.screening_tickets (screening_id, tickets_id) VALUES (10, 698)  on duplicate key update tickets_id = 698;
INSERT INTO biotrio.screening_tickets (screening_id, tickets_id) VALUES (10, 699)  on duplicate key update tickets_id = 699;
INSERT INTO biotrio.screening_tickets (screening_id, tickets_id) VALUES (10, 700)  on duplicate key update tickets_id = 700;
INSERT INTO biotrio.screening_tickets (screening_id, tickets_id) VALUES (10, 701)  on duplicate key update tickets_id = 701;
INSERT INTO biotrio.screening_tickets (screening_id, tickets_id) VALUES (10, 702)  on duplicate key update tickets_id = 702;
INSERT INTO biotrio.screening_tickets (screening_id, tickets_id) VALUES (10, 703)  on duplicate key update tickets_id = 703;
INSERT INTO biotrio.screening_tickets (screening_id, tickets_id) VALUES (10, 704)  on duplicate key update tickets_id = 704;
INSERT INTO biotrio.screening_tickets (screening_id, tickets_id) VALUES (10, 705)  on duplicate key update tickets_id = 705;
INSERT INTO biotrio.screening_tickets (screening_id, tickets_id) VALUES (10, 706)  on duplicate key update tickets_id = 706;
INSERT INTO biotrio.screening_tickets (screening_id, tickets_id) VALUES (10, 707)  on duplicate key update tickets_id = 707;
INSERT INTO biotrio.screening_tickets (screening_id, tickets_id) VALUES (10, 708)  on duplicate key update tickets_id = 708;
INSERT INTO biotrio.screening_tickets (screening_id, tickets_id) VALUES (10, 709)  on duplicate key update tickets_id = 709;
INSERT INTO biotrio.screening_tickets (screening_id, tickets_id) VALUES (10, 710)  on duplicate key update tickets_id = 710;
INSERT INTO biotrio.screening_tickets (screening_id, tickets_id) VALUES (10, 711)  on duplicate key update tickets_id = 711;
INSERT INTO biotrio.screening_tickets (screening_id, tickets_id) VALUES (10, 712)  on duplicate key update tickets_id = 712;
INSERT INTO biotrio.screening_tickets (screening_id, tickets_id) VALUES (10, 713)  on duplicate key update tickets_id = 713;
INSERT INTO biotrio.screening_tickets (screening_id, tickets_id) VALUES (10, 714)  on duplicate key update tickets_id = 714;
INSERT INTO biotrio.screening_tickets (screening_id, tickets_id) VALUES (10, 715)  on duplicate key update tickets_id = 715;
INSERT INTO biotrio.screening_tickets (screening_id, tickets_id) VALUES (10, 716)  on duplicate key update tickets_id = 716;
INSERT INTO biotrio.screening_tickets (screening_id, tickets_id) VALUES (10, 717)  on duplicate key update tickets_id = 717;
INSERT INTO biotrio.screening_tickets (screening_id, tickets_id) VALUES (10, 718)  on duplicate key update tickets_id = 718;
INSERT INTO biotrio.screening_tickets (screening_id, tickets_id) VALUES (10, 719)  on duplicate key update tickets_id = 719;
INSERT INTO biotrio.screening_tickets (screening_id, tickets_id) VALUES (10, 720)  on duplicate key update tickets_id = 720;
INSERT INTO biotrio.screening_tickets (screening_id, tickets_id) VALUES (10, 721)  on duplicate key update tickets_id = 721;
INSERT INTO biotrio.screening_tickets (screening_id, tickets_id) VALUES (10, 722)  on duplicate key update tickets_id = 722;
INSERT INTO biotrio.screening_tickets (screening_id, tickets_id) VALUES (10, 723)  on duplicate key update tickets_id = 723;
INSERT INTO biotrio.screening_tickets (screening_id, tickets_id) VALUES (10, 724)  on duplicate key update tickets_id = 724;
INSERT INTO biotrio.screening_tickets (screening_id, tickets_id) VALUES (10, 725)  on duplicate key update tickets_id = 725;
INSERT INTO biotrio.screening_tickets (screening_id, tickets_id) VALUES (10, 726)  on duplicate key update tickets_id = 726;
INSERT INTO biotrio.screening_tickets (screening_id, tickets_id) VALUES (10, 727)  on duplicate key update tickets_id = 727;
INSERT INTO biotrio.screening_tickets (screening_id, tickets_id) VALUES (10, 728)  on duplicate key update tickets_id = 728;
INSERT INTO biotrio.screening_tickets (screening_id, tickets_id) VALUES (10, 729)  on duplicate key update tickets_id = 729;
INSERT INTO biotrio.screening_tickets (screening_id, tickets_id) VALUES (10, 730)  on duplicate key update tickets_id = 730;
INSERT INTO biotrio.screening_tickets (screening_id, tickets_id) VALUES (10, 731)  on duplicate key update tickets_id = 731;
INSERT INTO biotrio.screening_tickets (screening_id, tickets_id) VALUES (10, 732)  on duplicate key update tickets_id = 732;
INSERT INTO biotrio.screening_tickets (screening_id, tickets_id) VALUES (10, 733)  on duplicate key update tickets_id = 733;
INSERT INTO biotrio.screening_tickets (screening_id, tickets_id) VALUES (10, 734)  on duplicate key update tickets_id = 734;
INSERT INTO biotrio.screening_tickets (screening_id, tickets_id) VALUES (10, 735)  on duplicate key update tickets_id = 735;
INSERT INTO biotrio.screening_tickets (screening_id, tickets_id) VALUES (10, 736)  on duplicate key update tickets_id = 736;
INSERT INTO biotrio.screening_tickets (screening_id, tickets_id) VALUES (10, 737)  on duplicate key update tickets_id = 737;
INSERT INTO biotrio.screening_tickets (screening_id, tickets_id) VALUES (10, 738)  on duplicate key update tickets_id = 738;
INSERT INTO biotrio.screening_tickets (screening_id, tickets_id) VALUES (10, 739)  on duplicate key update tickets_id = 739;
INSERT INTO biotrio.screening_tickets (screening_id, tickets_id) VALUES (10, 740)  on duplicate key update tickets_id = 740;
INSERT INTO biotrio.screening_tickets (screening_id, tickets_id) VALUES (10, 741)  on duplicate key update tickets_id = 741;
INSERT INTO biotrio.screening_tickets (screening_id, tickets_id) VALUES (10, 742)  on duplicate key update tickets_id = 742;
INSERT INTO biotrio.screening_tickets (screening_id, tickets_id) VALUES (10, 743)  on duplicate key update tickets_id = 743;
INSERT INTO biotrio.screening_tickets (screening_id, tickets_id) VALUES (10, 744)  on duplicate key update tickets_id = 744;
INSERT INTO biotrio.screening_tickets (screening_id, tickets_id) VALUES (10, 745)  on duplicate key update tickets_id = 745;
INSERT INTO biotrio.screening_tickets (screening_id, tickets_id) VALUES (10, 746)  on duplicate key update tickets_id = 746;
INSERT INTO biotrio.screening_tickets (screening_id, tickets_id) VALUES (10, 747)  on duplicate key update tickets_id = 747;
INSERT INTO biotrio.screening_tickets (screening_id, tickets_id) VALUES (10, 748)  on duplicate key update tickets_id = 748;
INSERT INTO biotrio.screening_tickets (screening_id, tickets_id) VALUES (10, 749)  on duplicate key update tickets_id = 749;
INSERT INTO biotrio.screening_tickets (screening_id, tickets_id) VALUES (10, 750)  on duplicate key update tickets_id = 750;
INSERT INTO biotrio.screening_tickets (screening_id, tickets_id) VALUES (10, 751)  on duplicate key update tickets_id = 751;
INSERT INTO biotrio.screening_tickets (screening_id, tickets_id) VALUES (10, 752)  on duplicate key update tickets_id = 752;
INSERT INTO biotrio.screening_tickets (screening_id, tickets_id) VALUES (10, 753)  on duplicate key update tickets_id = 753;
INSERT INTO biotrio.screening_tickets (screening_id, tickets_id) VALUES (10, 754)  on duplicate key update tickets_id = 754;
INSERT INTO biotrio.screening_tickets (screening_id, tickets_id) VALUES (10, 755)  on duplicate key update tickets_id = 755;
INSERT INTO biotrio.screening_tickets (screening_id, tickets_id) VALUES (10, 756)  on duplicate key update tickets_id = 756;
INSERT INTO biotrio.screening_tickets (screening_id, tickets_id) VALUES (10, 757)  on duplicate key update tickets_id = 757;
INSERT INTO biotrio.screening_tickets (screening_id, tickets_id) VALUES (10, 758)  on duplicate key update tickets_id = 758;
INSERT INTO biotrio.screening_tickets (screening_id, tickets_id) VALUES (10, 759)  on duplicate key update tickets_id = 759;
INSERT INTO biotrio.screening_tickets (screening_id, tickets_id) VALUES (10, 760)  on duplicate key update tickets_id = 760;
INSERT INTO biotrio.screening_tickets (screening_id, tickets_id) VALUES (10, 761)  on duplicate key update tickets_id = 761;
INSERT INTO biotrio.screening_tickets (screening_id, tickets_id) VALUES (10, 762)  on duplicate key update tickets_id = 762;
INSERT INTO biotrio.screening_tickets (screening_id, tickets_id) VALUES (10, 763)  on duplicate key update tickets_id = 763;
INSERT INTO biotrio.screening_tickets (screening_id, tickets_id) VALUES (10, 764)  on duplicate key update tickets_id = 764;
INSERT INTO biotrio.screening_tickets (screening_id, tickets_id) VALUES (10, 765)  on duplicate key update tickets_id = 765;
INSERT INTO biotrio.screening_tickets (screening_id, tickets_id) VALUES (10, 766)  on duplicate key update tickets_id = 766;
INSERT INTO biotrio.screening_tickets (screening_id, tickets_id) VALUES (10, 767)  on duplicate key update tickets_id = 767;
INSERT INTO biotrio.screening_tickets (screening_id, tickets_id) VALUES (10, 768)  on duplicate key update tickets_id = 768;
INSERT INTO biotrio.screening_tickets (screening_id, tickets_id) VALUES (10, 769)  on duplicate key update tickets_id = 769;
INSERT INTO biotrio.screening_tickets (screening_id, tickets_id) VALUES (10, 770)  on duplicate key update tickets_id = 770;
INSERT INTO biotrio.screening_tickets (screening_id, tickets_id) VALUES (10, 771)  on duplicate key update tickets_id = 771;
INSERT INTO biotrio.screening_tickets (screening_id, tickets_id) VALUES (10, 772)  on duplicate key update tickets_id = 772;
INSERT INTO biotrio.screening_tickets (screening_id, tickets_id) VALUES (10, 773)  on duplicate key update tickets_id = 773;
INSERT INTO biotrio.screening_tickets (screening_id, tickets_id) VALUES (10, 774)  on duplicate key update tickets_id = 774;
INSERT INTO biotrio.screening_tickets (screening_id, tickets_id) VALUES (10, 775)  on duplicate key update tickets_id = 775;
INSERT INTO biotrio.screening_tickets (screening_id, tickets_id) VALUES (10, 776)  on duplicate key update tickets_id = 776;
INSERT INTO biotrio.screening_tickets (screening_id, tickets_id) VALUES (10, 777)  on duplicate key update tickets_id = 777;
INSERT INTO biotrio.screening_tickets (screening_id, tickets_id) VALUES (10, 778)  on duplicate key update tickets_id = 778;
INSERT INTO biotrio.screening_tickets (screening_id, tickets_id) VALUES (10, 779)  on duplicate key update tickets_id = 779;
INSERT INTO biotrio.screening_tickets (screening_id, tickets_id) VALUES (10, 780)  on duplicate key update tickets_id = 780;
INSERT INTO biotrio.screening_tickets (screening_id, tickets_id) VALUES (10, 781)  on duplicate key update tickets_id = 781;
INSERT INTO biotrio.screening_tickets (screening_id, tickets_id) VALUES (10, 782)  on duplicate key update tickets_id = 782;
INSERT INTO biotrio.screening_tickets (screening_id, tickets_id) VALUES (10, 783)  on duplicate key update tickets_id = 783;
INSERT INTO biotrio.screening_tickets (screening_id, tickets_id) VALUES (10, 784)  on duplicate key update tickets_id = 784;
INSERT INTO biotrio.screening_tickets (screening_id, tickets_id) VALUES (10, 785)  on duplicate key update tickets_id = 785;
INSERT INTO biotrio.screening_tickets (screening_id, tickets_id) VALUES (10, 786)  on duplicate key update tickets_id = 786;
INSERT INTO biotrio.screening_tickets (screening_id, tickets_id) VALUES (10, 787)  on duplicate key update tickets_id = 787;
INSERT INTO biotrio.screening_tickets (screening_id, tickets_id) VALUES (10, 788)  on duplicate key update tickets_id = 788;
INSERT INTO biotrio.screening_tickets (screening_id, tickets_id) VALUES (10, 789)  on duplicate key update tickets_id = 789;
INSERT INTO biotrio.screening_tickets (screening_id, tickets_id) VALUES (10, 790)  on duplicate key update tickets_id = 790;
INSERT INTO biotrio.screening_tickets (screening_id, tickets_id) VALUES (10, 791)  on duplicate key update tickets_id = 791;
INSERT INTO biotrio.screening_tickets (screening_id, tickets_id) VALUES (10, 792)  on duplicate key update tickets_id = 792;
INSERT INTO biotrio.screening_tickets (screening_id, tickets_id) VALUES (10, 793)  on duplicate key update tickets_id = 793;
INSERT INTO biotrio.screening_tickets (screening_id, tickets_id) VALUES (10, 794)  on duplicate key update tickets_id = 794;
INSERT INTO biotrio.screening_tickets (screening_id, tickets_id) VALUES (10, 795)  on duplicate key update tickets_id = 795;
INSERT INTO biotrio.screening_tickets (screening_id, tickets_id) VALUES (10, 796)  on duplicate key update tickets_id = 796;
INSERT INTO biotrio.screening_tickets (screening_id, tickets_id) VALUES (10, 797)  on duplicate key update tickets_id = 797;
INSERT INTO biotrio.screening_tickets (screening_id, tickets_id) VALUES (10, 798)  on duplicate key update tickets_id = 798;
INSERT INTO biotrio.screening_tickets (screening_id, tickets_id) VALUES (10, 799)  on duplicate key update tickets_id = 799;
INSERT INTO biotrio.screening_tickets (screening_id, tickets_id) VALUES (10, 800)  on duplicate key update tickets_id = 800;
INSERT INTO biotrio.screening_tickets (screening_id, tickets_id) VALUES (10, 801)  on duplicate key update tickets_id = 801;
INSERT INTO biotrio.screening_tickets (screening_id, tickets_id) VALUES (10, 802)  on duplicate key update tickets_id = 802;
INSERT INTO biotrio.screening_tickets (screening_id, tickets_id) VALUES (10, 803)  on duplicate key update tickets_id = 803;
INSERT INTO biotrio.screening_tickets (screening_id, tickets_id) VALUES (10, 804)  on duplicate key update tickets_id = 804;
INSERT INTO biotrio.screening_tickets (screening_id, tickets_id) VALUES (10, 805)  on duplicate key update tickets_id = 805;
INSERT INTO biotrio.screening_tickets (screening_id, tickets_id) VALUES (10, 806)  on duplicate key update tickets_id = 806;
INSERT INTO biotrio.screening_tickets (screening_id, tickets_id) VALUES (10, 807)  on duplicate key update tickets_id = 807;
INSERT INTO biotrio.screening_tickets (screening_id, tickets_id) VALUES (10, 808)  on duplicate key update tickets_id = 808;



-- Inserting a booking
INSERT INTO biotrio.booking (id, booking_date_time, screening_id, user_id) VALUES ('A95809', '2019-05-31 19:24:50', 1, 1) on duplicate key update id = 'A95809';

-- Assigning tickets to booking
INSERT INTO biotrio.booking_tickets (booking_id, tickets_id) VALUES ('A95809', 5) on duplicate key update tickets_id = 5;
INSERT INTO biotrio.booking_tickets (booking_id, tickets_id) VALUES ('A95809', 8) on duplicate key update tickets_id = 8;
INSERT INTO biotrio.booking_tickets (booking_id, tickets_id) VALUES ('A95809', 20) on duplicate key update tickets_id = 20;
INSERT INTO biotrio.booking_tickets (booking_id, tickets_id) VALUES ('A95809', 27) on duplicate key update tickets_id = 27;